CustomerKey,CustomerName,Industry,Segment,Region,Country
1,Customer 001,Electronics,Enterprise,APAC,Singapore
2,Customer 002,Telecom,Mid-Market,APAC,Singapore
3,Customer 003,Automotive,SMB,APAC,Singapore
4,Customer 004,Healthcare,Enterprise,APAC,Singapore
5,Customer 005,Energy,Mid-Market,APAC,Singapore
6,Customer 006,Defense,SMB,APAC,Singapore
7,Customer 007,Electronics,Enterprise,APAC,Singapore
8,Customer 008,Telecom,Mid-Market,APAC,Singapore
9,Customer 009,Automotive,SMB,APAC,Singapore
10,Customer 010,Healthcare,Enterprise,APAC,Malaysia
11,Customer 011,Energy,Mid-Market,APAC,Malaysia
12,Customer 012,Defense,SMB,APAC,Malaysia
13,Customer 013,Electronics,Enterprise,APAC,Malaysia
14,Customer 014,Telecom,Mid-Market,APAC,Malaysia
15,Customer 015,Automotive,SMB,APAC,Malaysia
16,Customer 016,Healthcare,Enterprise,APAC,Malaysia
17,Customer 017,Energy,Mid-Market,APAC,Malaysia
18,Customer 018,Defense,SMB,APAC,Malaysia
19,Customer 019,Electronics,Enterprise,APAC,India
20,Customer 020,Telecom,Mid-Market,APAC,India
21,Customer 021,Automotive,SMB,APAC,India
22,Customer 022,Healthcare,Enterprise,APAC,India
23,Customer 023,Energy,Mid-Market,APAC,India
24,Customer 024,Defense,SMB,APAC,India
25,Customer 025,Electronics,Enterprise,APAC,India
26,Customer 026,Telecom,Mid-Market,APAC,India
27,Customer 027,Automotive,SMB,APAC,India
28,Customer 028,Healthcare,Enterprise,APAC,Australia
29,Customer 029,Energy,Mid-Market,APAC,Australia
30,Customer 030,Defense,SMB,APAC,Australia
31,Customer 031,Electronics,Enterprise,APAC,Australia
32,Customer 032,Telecom,Mid-Market,APAC,Australia
33,Customer 033,Automotive,SMB,APAC,Australia
34,Customer 034,Healthcare,Enterprise,APAC,Australia
35,Customer 035,Energy,Mid-Market,APAC,Australia
