document_id,provider_name,account_number,invoice_number,site_reference,utility_type,billing_period_start,billing_period_end,meter_number,previous_reading,current_reading,consumption,consumption_unit,peak_demand_kw,currency_code,subtotal_amount,tax_amount,total_amount_due,grid_emission_factor,estimated_emissions_kg,_source_file
AU-01-ELEC-202601,Southern Cross Energy,SCE 4471 8890,61874202601,AU-01,Electricity,2026-01-01,2026-01-31,SCE-VIC-611470,4496060,4610794,114734,kWh,252.4,AUD,35560.45,3556.05,39116.5,0.634,72741.0,Files/landing/utility_bills/202601/AU-01-ELEC-202601.pdf
AU-01-ELEC-202602,Southern Cross Energy,SCE 4471 8890,66210202602,AU-01,Electricity,2026-02-01,2026-02-28,SCE-VIC-611470,4610794,4725946,115152,kWh,253.3,AUD,35689.72,3568.97,39258.69,0.634,73006.0,Files/landing/utility_bills/202602/AU-01-ELEC-202602.pdf
AU-01-ELEC-202603,Southern Cross Energy,SCE 4471 8890,39891202603,AU-01,Electricity,2026-03-01,2026-03-31,SCE-VIC-611470,4725946,4847050,121104,kWh,266.4,AUD,37534.57,3753.46,41288.03,0.634,76780.0,Files/landing/utility_bills/202603/AU-01-ELEC-202603.pdf
AU-01-ELEC-202604,Southern Cross Energy,SCE 4471 8890,75789202604,AU-01,Electricity,2026-04-01,2026-04-30,SCE-VIC-611470,4847050,4970492,123442,kWh,271.6,AUD,38260.01,3826.0,42086.01,0.634,78262.0,Files/landing/utility_bills/202604/AU-01-ELEC-202604.pdf
AU-01-ELEC-202605,Southern Cross Energy,SCE 4471 8890,1876202605,AU-01,Electricity,2026-05-01,2026-05-31,SCE-VIC-611470,4970492,5112746,142254,kWh,313.0,AUD,44090.79,4409.08,48499.87,0.634,90189.0,Files/landing/utility_bills/202605/AU-01-ELEC-202605.pdf
AU-01-ELEC-202606,Southern Cross Energy,SCE 4471 8890,56629202606,AU-01,Electricity,2026-06-01,2026-06-30,SCE-VIC-611470,5112746,5260904,148158,kWh,325.9,AUD,45919.41,4591.94,50511.35,0.634,93932.0,Files/landing/utility_bills/202606/AU-01-ELEC-202606.pdf
AU-01-WATE-202601,Great Dividing Water,GDW 7781 2043,85936202601,AU-01,Water,2026-01-01,2026-01-31,GDW-VIC-220884,158568,161013,2445,kL,,AUD,11367.45,1136.75,12504.2,,,Files/landing/utility_bills/202601/AU-01-WATE-202601.pdf
AU-01-WATE-202602,Great Dividing Water,GDW 7781 2043,87940202602,AU-01,Water,2026-02-01,2026-02-28,GDW-VIC-220884,161013,163577,2564,kL,,AUD,11916.04,1191.6,13107.64,,,Files/landing/utility_bills/202602/AU-01-WATE-202602.pdf
AU-01-WATE-202603,Great Dividing Water,GDW 7781 2043,54332202603,AU-01,Water,2026-03-01,2026-03-31,GDW-VIC-220884,163577,166479,2902,kL,,AUD,13474.22,1347.42,14821.64,,,Files/landing/utility_bills/202603/AU-01-WATE-202603.pdf
AU-01-WATE-202604,Great Dividing Water,GDW 7781 2043,12962202604,AU-01,Water,2026-04-01,2026-04-30,GDW-VIC-220884,166479,169258,2779,kL,,AUD,12907.19,1290.72,14197.91,,,Files/landing/utility_bills/202604/AU-01-WATE-202604.pdf
AU-01-WATE-202605,Great Dividing Water,GDW 7781 2043,58344202605,AU-01,Water,2026-05-01,2026-05-31,GDW-VIC-220884,169258,172441,3183,kL,,AUD,14769.63,1476.96,16246.59,,,Files/landing/utility_bills/202605/AU-01-WATE-202605.pdf
AU-01-WATE-202606,Great Dividing Water,GDW 7781 2043,78712202606,AU-01,Water,2026-06-01,2026-06-30,GDW-VIC-220884,172441,175860,3419,kL,,AUD,15857.59,1585.76,17443.35,,,Files/landing/utility_bills/202606/AU-01-WATE-202606.pdf
IN-01-ELEC-202601,BHARAT GRID UTILITIES LTD,BGU/HT/560110/4417,BGU-202601-0091188,IN-01,Electricity,2026-01-01,2026-01-31,BGU-KA-7742081,3837400,3939915,102515,KWH,266.5,INR,1020111.75,91810.06,1111921.81,0.716,73401.0,Files/landing/utility_bills/202601/IN-01-ELEC-202601.pdf
IN-01-ELEC-202602,BHARAT GRID UTILITIES LTD,BGU/HT/560110/4417,BGU-202602-0063523,IN-01,Electricity,2026-02-01,2026-02-28,BGU-KA-7742081,3939915,4046874,106959,KWH,278.1,INR,1064351.55,95791.64,1160143.19,0.716,76583.0,Files/landing/utility_bills/202602/IN-01-ELEC-202602.pdf
IN-01-ELEC-202603,BHARAT GRID UTILITIES LTD,BGU/HT/560110/4417,BGU-202603-0083244,IN-01,Electricity,2026-03-01,2026-03-31,BGU-KA-7742081,4046874,4166565,119691,kWh,311.2,INR,1191046.45,107194.18,1298240.63,0.716,85699.0,Files/landing/utility_bills/202603/IN-01-ELEC-202603.pdf
IN-01-ELEC-202604,BHARAT GRID UTILITIES LTD,BGU/HT/560110/4417,BGU-202604-0002682,IN-01,Electricity,2026-04-01,2026-04-30,BGU-KA-7742081,4166565,4286807,120242,kWh,312.6,INR,1196516.9,107686.52,1304203.42,0.716,86093.0,Files/landing/utility_bills/202604/IN-01-ELEC-202604.pdf
IN-01-ELEC-202605,BHARAT GRID UTILITIES LTD,BGU/HT/560110/4417,BGU-202605-0043531,IN-01,Electricity,2026-05-01,2026-05-31,BGU-KA-7742081,4286807,4414541,127734,kWh,332.1,INR,1271077.8,114397.0,1385474.8,0.716,91458.0,Files/landing/utility_bills/202605/IN-01-ELEC-202605.pdf
IN-01-ELEC-202606,BHARAT GRID UTILITIES LTD,BGU/HT/560110/4417,BGU-202606-0025590,IN-01,Electricity,2026-06-01,2026-06-30,BGU-KA-7742081,4414541,4533133,118592,kWh,308.3,INR,1180093.9,106208.45,1286302.35,0.716,84912.0,Files/landing/utility_bills/202606/IN-01-ELEC-202606.pdf
IN-01-WATE-202601,DECCAN WATER BOARD,DWB/IND/5621/8890,DWB-202601-0049819,IN-01,Water,2026-01-01,2026-01-31,DWB-KA-330914,150192,152665,2473,KL,,INR,144880.5,26078.49,170958.99,,,Files/landing/utility_bills/202601/IN-01-WATE-202601.pdf
IN-01-WATE-202602,DECCAN WATER BOARD,DWB/IND/5621/8890,DWB-202602-0073410,IN-01,Water,2026-02-01,2026-02-28,DWB-KA-330914,152665,155379,2714,KL,,INR,158979.0,28616.22,187595.22,,,Files/landing/utility_bills/202602/IN-01-WATE-202602.pdf
IN-01-WATE-202603,DECCAN WATER BOARD,DWB/IND/5621/8890,DWB–202603–0035968,IN-01,Water,2026-03-01,2026-03-31,DWB-KA-330914,155379,158254,2875,KL,,INR,168397.5,30311.55,198709.05,,,Files/landing/utility_bills/202603/IN-01-WATE-202603.pdf
IN-01-WATE-202604,DECCAN WATER BOARD,DWB/IND/5621/8890,DWB-202604-0096774,IN-01,Water,2026-04-01,2026-04-30,DWB-KA-330914,158254,161232,2978,KL,,INR,174423.0,31396.14,205819.14,,,Files/landing/utility_bills/202604/IN-01-WATE-202604.pdf
IN-01-WATE-202605,DECCAN WATER BOARD,DWB/IND/5621/8890,DWB-202605-0081792,IN-01,Water,2026-05-01,2026-05-31,DWB-KA-330914,161232,164471,3239,KL,,INR,189691.5,34144.47,223835.97,,,Files/landing/utility_bills/202605/IN-01-WATE-202605.pdf
IN-01-WATE-202606,DECCAN WATER BOARD,DWB/IND/5621/8890,DWB-202606-0060407,IN-01,Water,2026-06-01,2026-06-30,DWB-KA-330914,164471,167384,2913,KL,,INR,170620.5,30711.69,201332.19,,,Files/landing/utility_bills/202606/IN-01-WATE-202606.pdf
MY-01-ELEC-202601,NUSANTARA ELEKTRIK BERHAD,NEB8802441733,NEB202601076325,MY-01,Electricity,2026-01-01,2026-01-31,NEB-MY-902244,4782548,4927705,145157,kWh,348.4,MYR,80533.84,6442.71,86976.55,0.585,84917.0,Files/landing/utility_bills/202601/MY-01-ELEC-202601.pdf
MY-01-ELEC-202602,NUSANTARA ELEKTRIK BERHAD,NEB 8802 4417 33,NEB202602069428,MY-01,Electricity,2026-02-01,2026-02-28,NEB-MY-902244,4927705,5069130,141425,kWj,339.4,MYR,78461.95,6276.96,84738.91,0.585,82734.0,Files/landing/utility_bills/202602/MY-01-ELEC-202602.pdf
MY-01-ELEC-202603,NUSANTARA ELEKTRIK BERHAD,NEB 8802 4417 33,NEB202603081967,MY-01,Electricity,2026-03-01,2026-03-31,NEB-MY-902244,5069130,5220849,151719,kWj,364.1,MYR,84172.87,6733.83,90906.7,0.585,88756.0,Files/landing/utility_bills/202603/MY-01-ELEC-202603.pdf
MY-01-ELEC-202604,NUSANTARA ELEKTRIK BERHAD,NEB 8802 4417 33,NEB202604011155,MY-01,Electricity,2026-04-01,2026-04-30,NEB-MY-902244,5220849,5359032,138183,kWj,331.6,MYR,76662.68,6133.01,82795.69,0.585,80837.0,Files/landing/utility_bills/202604/MY-01-ELEC-202604.pdf
MY-01-ELEC-202605,NUSANTARA ELEKTRIK BERHAD,NEB 8802 4417 33,NEB202605023337,MY-01,Electricity,2026-05-01,2026-05-31,NEB-MY-902244,5359032,5494797,135765,kWj,325.8,MYR,75321.27,6025.7,81346.97,0.585,79422.0,Files/landing/utility_bills/202605/MY-01-ELEC-202605.pdf
MY-01-ELEC-202606,NUSANTARA ELEKTRIK BERHAD,NEB 8802 4417 33,NEB202606019520,MY-01,Electricity,2026-06-01,2026-06-30,NEB-MY-902244,5494797,5644950,150153,kWh,360.4,MYR,83305.94,6664.48,89970.42,0.585,87840.0,Files/landing/utility_bills/202606/MY-01-ELEC-202606.pdf
MY-01-WATE-202601,SELATAN AIR SDN BHD,SA 5590 1187 02,SA20260131593,MY-01,Water,2026-01-01,2026-01-31,SA-MY-441907,165221,168374,3153,m3,,MYR,9230.76,738.46,9969.22,,,Files/landing/utility_bills/202601/MY-01-WATE-202601.pdf
MY-01-WATE-202602,SELATAN AIR SDN BHD,SA 5590 1187 02,SA202602057218,MY-01,Water,2026-02-01,2026-02-28,SA-MY-441907,168374,171456,3082,m3,,MYR,9023.44,721.88,9745.32,,,Files/landing/utility_bills/202602/MY-01-WATE-202602.pdf
MY-01-WATE-202603,SELATAN AIR SDN BHD,SA 5590 1187 02,SA202603053637,MY-01,Water,2026-03-01,2026-03-31,SA-MY-441907,171456,174829,3373,m3,,MYR,9873.16,789.85,10663.01,,,Files/landing/utility_bills/202603/MY-01-WATE-202603.pdf
MY-01-WATE-202604,Selatan Air Sdn Bhd,SA5590118702,SA202604012449,MY-01,Water,2026-04-01,2026-04-30,SA-MY-441907,174829,178105,3276,m3,,MYR,9589.92,767.19,10357.11,,,Files/landing/utility_bills/202604/MY-01-WATE-202604.pdf
MY-01-WATE-202605,SELATAN AIR SDN BHD,SA 5590 1187 02,SA202605054890,MY-01,Water,2026-05-01,2026-05-31,SA-MY-441907,178105,181164,3059,m3,,MYR,8956.28,716.5,9672.78,,,Files/landing/utility_bills/202605/MY-01-WATE-202605.pdf
MY-01-WATE-202606,SELATAN AIR SDN BHD,SA 5590 1187 02,SA202606075482,MY-01,Water,2026-06-01,2026-06-30,SA-MY-441907,181164,184726,3562,m3,,MYR,10425.04,834.0,11259.04,,,Files/landing/utility_bills/202606/MY-01-WATE-202606.pdf
SG-01-ELEC-202601,Meridian Power Singapore Pte Ltd,MPS-4417-0891,MPS/2026/01/58122,SG-01,Electricity,2026-01-01,2026-01-31,MP-SG-118427,5530871,5705537,174666,kWh,366.8,SGD,67097.96,6038.82,73136.78,0.412,71962.0,Files/landing/utility_bills/202601/SG-01-ELEC-202601.pdf
SG-01-ELEC-202602,Meridian Power Singapore Pte Ltd,MPS-4417-0891,MPS/2026/02/58220,SG-01,Electricity,2026-02-01,2026-02-28,MP-SG-118427,5705537,5858107,152570,kWh,320.4,SGD,58609.8,5274.88,63884.68,0.412,62859.0,Files/landing/utility_bills/202602/SG-01-ELEC-202602.pdf
SG-01-ELEC-202603,MERIDIAN POWER,MPS-4417-0891,MPS/2026/03/64969,SG-01,Electricity,2026-03-01,2026-03-31,MP-SG-118427,5858107,6011499,153392,kWh,322.1,SGD,58925.27,5303.27,64228.54,0.412,63198.0,Files/landing/utility_bills/202603/SG-01-ELEC-202603.pdf
SG-01-ELEC-202604,Meridian Power Singapore Pte Ltd,MPS-4417-0891,MPS/2026/04/91001,SG-01,Electricity,2026-04-01,2026-04-30,MP-SG-118427,6011499,6190237,178738,kWh,375.3,SGD,68661.63,6179.55,74841.18,0.412,73640.0,Files/landing/utility_bills/202604/SG-01-ELEC-202604.pdf
SG-01-ELEC-202605,Meridian Power Singapore Pte Ltd,MPS-4417-0891,MPS/2026/05/88889,SG-01,Electricity,2026-05-01,2026-05-31,MP-SG-118427,6190237,6378938,188701,kWh,396.3,SGD,72489.8,6524.08,79013.88,0.412,77745.0,Files/landing/utility_bills/202605/SG-01-ELEC-202605.pdf
SG-01-ELEC-202606,Meridian Power Singapore Pte Ltd,MPS-4417-0891,MPS/2026/06/34420,SG-01,Electricity,2026-06-01,2026-06-30,MP-SG-118427,6378938,6563487,184549,kWh,387.6,SGD,70895.04,6380.55,77275.59,0.412,76034.0,Files/landing/utility_bills/202606/SG-01-ELEC-202606.pdf
SG-01-WATE-202601,Island Water Authority,IWA-7734-2205,IWA/2026/01/47873,SG-01,Water,2026-01-01,2026-01-31,IW-SG-55031,170516,174090,3574,Cu M,,SGD,18118.82,1630.69,19749.51,,,Files/landing/utility_bills/202601/SG-01-WATE-202601.pdf
SG-01-WATE-202602,Island Water Authority,IWA-7734-2205,IWA/2026/02/71538,SG-01,Water,2026-02-01,2026-02-28,IW-SG-55031,174090,177288,3198,Cu M,,SGD,16227.54,1460.48,17688.02,,,Files/landing/utility_bills/202602/SG-01-WATE-202602.pdf
SG-01-WATE-202603,Island Water Authority,IWA-7734-2205,IWA/2026/03/38406,SG-01,Water,2026-03-01,2026-03-31,IW-SG-55031,177288,180459,3171,Cu M,,SGD,16091.73,1448.26,17539.99,,,Files/landing/utility_bills/202603/SG-01-WATE-202603.pdf
SG-01-WATE-202604,Island Water Authority,IWA-7734-2205,IWA/2026/04/04230,SG-01,Water,2026-04-01,2026-04-30,IW-SG-55031,180459,183870,3411,Cu M,,SGD,17298.93,1556.9,18855.83,,,Files/landing/utility_bills/202604/SG-01-WATE-202604.pdf
SG-01-WATE-202605,Island Water Authority,IWA-7734-2205,IWA/2026/05/19745,SG-01,Water,2026-05-01,2026-05-31,IW-SG-55031,183870,187621,3751,Cu M,,SGD,19009.13,1710.82,20719.95,,,Files/landing/utility_bills/202605/SG-01-WATE-202605.pdf
SG-01-WATE-202606,Island Water Authority,IWA-7734-2205,IWA/2026/06/22700,SG-01,Water,2026-06-01,2026-06-30,IW-SG-55031,187621,191162,3541,Cu M,,SGD,17952.83,1615.75,19568.58,,,Files/landing/utility_bills/202606/SG-01-WATE-202606.pdf
