document_id,plant_code,plant_key,utility_type,provider_name,account_no,invoice_no,meter_no,billing_period,period_start,period_end,issue_date,due_date,previous_reading,current_reading,consumption,consumption_uom,demand_kw,currency,subtotal_amount,tax_amount,total_amount,grid_emission_factor,co2e_kg
SG-01-ELEC-202601,SG-01,1,Electricity,Meridian Power Singapore Pte Ltd,MPS-4417-0891,MPS/2026/01/58122,MP-SG-118427,202601,2026-01-01,2026-01-31,2026-02-03,2026-03-03,5530871,5705537,174666,kWh,366.8,SGD,67097.96,6038.82,73136.78,0.412,71962.4
SG-01-WATE-202601,SG-01,1,Water,Island Water Authority,IWA-7734-2205,IWA/2026/01/47873,IW-SG-55031,202601,2026-01-01,2026-01-31,2026-02-04,2026-02-18,170516,174090,3574,Cu M,,SGD,18118.82,1630.69,19749.51,,
MY-01-ELEC-202601,MY-01,2,Electricity,Nusantara Elektrik Berhad,NEB 8802 4417 33,NEB202601076325,NEB-MY-902244,202601,2026-01-01,2026-01-31,2026-02-03,2026-03-03,4782548,4927705,145157,kWh,348.4,MYR,80533.84,6442.71,86976.55,0.585,84916.8
MY-01-WATE-202601,MY-01,2,Water,Selatan Air Sdn Bhd,SA 5590 1187 02,SA202601031593,SA-MY-441907,202601,2026-01-01,2026-01-31,2026-02-06,2026-02-27,165221,168374,3153,m3,,MYR,9230.76,738.46,9969.22,,
IN-01-ELEC-202601,IN-01,3,Electricity,Bharat Grid Utilities Ltd,BGU/HT/560110/4417,BGU-202601-0091188,BGU-KA-7742081,202601,2026-01-01,2026-01-31,2026-02-05,2026-03-05,3837400,3939915,102515,kWh,266.5,INR,1020111.75,91810.06,1111921.81,0.716,73400.7
IN-01-WATE-202601,IN-01,3,Water,Deccan Water Board,DWB/IND/5621/8890,DWB-202601-0049819,DWB-KA-330914,202601,2026-01-01,2026-01-31,2026-02-03,2026-03-03,150192,152665,2473,KL,,INR,144880.5,26078.49,170958.99,,
AU-01-ELEC-202601,AU-01,4,Electricity,Southern Cross Energy Pty Ltd,SCE 4471 8890,61874202601,SCE-VIC-611470,202601,2026-01-01,2026-01-31,2026-02-03,2026-02-17,4496060,4610794,114734,kWh,252.4,AUD,35560.45,3556.05,39116.5,0.634,72741.4
AU-01-WATE-202601,AU-01,4,Water,Great Dividing Water Corp,GDW 7781 2043,85936202601,GDW-VIC-220884,202601,2026-01-01,2026-01-31,2026-02-03,2026-02-24,158568,161013,2445,kL,,AUD,11367.45,1136.75,12504.2,,
SG-01-ELEC-202602,SG-01,1,Electricity,Meridian Power Singapore Pte Ltd,MPS-4417-0891,MPS/2026/02/58220,MP-SG-118427,202602,2026-02-01,2026-02-28,2026-03-04,2026-04-01,5705537,5858107,152570,kWh,320.4,SGD,58609.8,5274.88,63884.68,0.412,62858.8
SG-01-WATE-202602,SG-01,1,Water,Island Water Authority,IWA-7734-2205,IWA/2026/02/71538,IW-SG-55031,202602,2026-02-01,2026-02-28,2026-03-06,2026-03-20,174090,177288,3198,Cu M,,SGD,16227.54,1460.48,17688.02,,
MY-01-ELEC-202602,MY-01,2,Electricity,Nusantara Elektrik Berhad,NEB 8802 4417 33,NEB202602069428,NEB-MY-902244,202602,2026-02-01,2026-02-28,2026-03-05,2026-03-19,4927705,5069130,141425,kWh,339.4,MYR,78461.95,6276.96,84738.91,0.585,82733.6
MY-01-WATE-202602,MY-01,2,Water,Selatan Air Sdn Bhd,SA 5590 1187 02,SA202602057218,SA-MY-441907,202602,2026-02-01,2026-02-28,2026-03-06,2026-04-03,168374,171456,3082,m3,,MYR,9023.44,721.88,9745.32,,
IN-01-ELEC-202602,IN-01,3,Electricity,Bharat Grid Utilities Ltd,BGU/HT/560110/4417,BGU-202602-0063523,BGU-KA-7742081,202602,2026-02-01,2026-02-28,2026-03-06,2026-03-20,3939915,4046874,106959,kWh,278.1,INR,1064351.55,95791.64,1160143.19,0.716,76582.6
IN-01-WATE-202602,IN-01,3,Water,Deccan Water Board,DWB/IND/5621/8890,DWB-202602-0073410,DWB-KA-330914,202602,2026-02-01,2026-02-28,2026-03-03,2026-03-31,152665,155379,2714,KL,,INR,158979.0,28616.22,187595.22,,
AU-01-ELEC-202602,AU-01,4,Electricity,Southern Cross Energy Pty Ltd,SCE 4471 8890,66210202602,SCE-VIC-611470,202602,2026-02-01,2026-02-28,2026-03-04,2026-03-25,4610794,4725946,115152,kWh,253.3,AUD,35689.72,3568.97,39258.69,0.634,73006.4
AU-01-WATE-202602,AU-01,4,Water,Great Dividing Water Corp,GDW 7781 2043,87940202602,GDW-VIC-220884,202602,2026-02-01,2026-02-28,2026-03-05,2026-03-19,161013,163577,2564,kL,,AUD,11916.04,1191.6,13107.64,,
SG-01-ELEC-202603,SG-01,1,Electricity,Meridian Power Singapore Pte Ltd,MPS-4417-0891,MPS/2026/03/64969,MP-SG-118427,202603,2026-03-01,2026-03-31,2026-04-06,2026-04-20,5858107,6011499,153392,kWh,322.1,SGD,58925.27,5303.27,64228.54,0.412,63197.5
SG-01-WATE-202603,SG-01,1,Water,Island Water Authority,IWA-7734-2205,IWA/2026/03/38406,IW-SG-55031,202603,2026-03-01,2026-03-31,2026-04-04,2026-05-02,177288,180459,3171,Cu M,,SGD,16091.73,1448.26,17539.99,,
MY-01-ELEC-202603,MY-01,2,Electricity,Nusantara Elektrik Berhad,NEB 8802 4417 33,NEB202603081967,NEB-MY-902244,202603,2026-03-01,2026-03-31,2026-04-04,2026-05-02,5069130,5220849,151719,kWh,364.1,MYR,84172.87,6733.83,90906.7,0.585,88755.6
MY-01-WATE-202603,MY-01,2,Water,Selatan Air Sdn Bhd,SA 5590 1187 02,SA202603053637,SA-MY-441907,202603,2026-03-01,2026-03-31,2026-04-06,2026-04-20,171456,174829,3373,m3,,MYR,9873.16,789.85,10663.01,,
IN-01-ELEC-202603,IN-01,3,Electricity,Bharat Grid Utilities Ltd,BGU/HT/560110/4417,BGU-202603-0083244,BGU-KA-7742081,202603,2026-03-01,2026-03-31,2026-04-05,2026-04-19,4046874,4166565,119691,kWh,311.2,INR,1191046.45,107194.18,1298240.63,0.716,85698.8
IN-01-WATE-202603,IN-01,3,Water,Deccan Water Board,DWB/IND/5621/8890,DWB-202603-0035968,DWB-KA-330914,202603,2026-03-01,2026-03-31,2026-04-05,2026-04-19,155379,158254,2875,KL,,INR,168397.5,30311.55,198709.05,,
AU-01-ELEC-202603,AU-01,4,Electricity,Southern Cross Energy Pty Ltd,SCE 4471 8890,39891202603,SCE-VIC-611470,202603,2026-03-01,2026-03-31,2026-04-05,2026-05-03,4725946,4847050,121104,kWh,266.4,AUD,37534.57,3753.46,41288.03,0.634,76779.9
AU-01-WATE-202603,AU-01,4,Water,Great Dividing Water Corp,GDW 7781 2043,54332202603,GDW-VIC-220884,202603,2026-03-01,2026-03-31,2026-04-06,2026-04-20,163577,166479,2902,kL,,AUD,13474.22,1347.42,14821.64,,
SG-01-ELEC-202604,SG-01,1,Electricity,Meridian Power Singapore Pte Ltd,MPS-4417-0891,MPS/2026/04/91001,MP-SG-118427,202604,2026-04-01,2026-04-30,2026-05-04,2026-05-18,6011499,6190237,178738,kWh,375.3,SGD,68661.63,6179.55,74841.18,0.412,73640.1
SG-01-WATE-202604,SG-01,1,Water,Island Water Authority,IWA-7734-2205,IWA/2026/04/04230,IW-SG-55031,202604,2026-04-01,2026-04-30,2026-05-04,2026-06-01,180459,183870,3411,Cu M,,SGD,17298.93,1556.9,18855.83,,
MY-01-ELEC-202604,MY-01,2,Electricity,Nusantara Elektrik Berhad,NEB 8802 4417 33,NEB202604011155,NEB-MY-902244,202604,2026-04-01,2026-04-30,2026-05-04,2026-05-18,5220849,5359032,138183,kWh,331.6,MYR,76662.68,6133.01,82795.69,0.585,80837.1
MY-01-WATE-202604,MY-01,2,Water,Selatan Air Sdn Bhd,SA 5590 1187 02,SA202604012449,SA-MY-441907,202604,2026-04-01,2026-04-30,2026-05-03,2026-05-24,174829,178105,3276,m3,,MYR,9589.92,767.19,10357.11,,
IN-01-ELEC-202604,IN-01,3,Electricity,Bharat Grid Utilities Ltd,BGU/HT/560110/4417,BGU-202604-0002682,BGU-KA-7742081,202604,2026-04-01,2026-04-30,2026-05-05,2026-06-02,4166565,4286807,120242,kWh,312.6,INR,1196516.9,107686.52,1304203.42,0.716,86093.3
IN-01-WATE-202604,IN-01,3,Water,Deccan Water Board,DWB/IND/5621/8890,DWB-202604-0096774,DWB-KA-330914,202604,2026-04-01,2026-04-30,2026-05-05,2026-06-02,158254,161232,2978,KL,,INR,174423.0,31396.14,205819.14,,
AU-01-ELEC-202604,AU-01,4,Electricity,Southern Cross Energy Pty Ltd,SCE 4471 8890,75789202604,SCE-VIC-611470,202604,2026-04-01,2026-04-30,2026-05-04,2026-05-18,4847050,4970492,123442,kWh,271.6,AUD,38260.01,3826.0,42086.01,0.634,78262.2
AU-01-WATE-202604,AU-01,4,Water,Great Dividing Water Corp,GDW 7781 2043,12962202604,GDW-VIC-220884,202604,2026-04-01,2026-04-30,2026-05-06,2026-05-20,166479,169258,2779,kL,,AUD,12907.19,1290.72,14197.91,,
SG-01-ELEC-202605,SG-01,1,Electricity,Meridian Power Singapore Pte Ltd,MPS-4417-0891,MPS/2026/05/88889,MP-SG-118427,202605,2026-05-01,2026-05-31,2026-06-04,2026-07-02,6190237,6378938,188701,kWh,396.3,SGD,72489.8,6524.08,79013.88,0.412,77744.8
SG-01-WATE-202605,SG-01,1,Water,Island Water Authority,IWA-7734-2205,IWA/2026/05/19745,IW-SG-55031,202605,2026-05-01,2026-05-31,2026-06-04,2026-06-18,183870,187621,3751,Cu M,,SGD,19009.13,1710.82,20719.95,,
MY-01-ELEC-202605,MY-01,2,Electricity,Nusantara Elektrik Berhad,NEB 8802 4417 33,NEB202605023337,NEB-MY-902244,202605,2026-05-01,2026-05-31,2026-06-05,2026-06-26,5359032,5494797,135765,kWh,325.8,MYR,75321.27,6025.7,81346.97,0.585,79422.5
MY-01-WATE-202605,MY-01,2,Water,Selatan Air Sdn Bhd,SA 5590 1187 02,SA202605054890,SA-MY-441907,202605,2026-05-01,2026-05-31,2026-06-04,2026-07-02,178105,181164,3059,m3,,MYR,8956.28,716.5,9672.78,,
IN-01-ELEC-202605,IN-01,3,Electricity,Bharat Grid Utilities Ltd,BGU/HT/560110/4417,BGU-202605-0045351,BGU-KA-7742081,202605,2026-05-01,2026-05-31,2026-06-03,2026-07-01,4286807,4414541,127734,kWh,332.1,INR,1271077.8,114397.0,1385474.8,0.716,91457.5
IN-01-WATE-202605,IN-01,3,Water,Deccan Water Board,DWB/IND/5621/8890,DWB-202605-0081792,DWB-KA-330914,202605,2026-05-01,2026-05-31,2026-06-04,2026-07-02,161232,164471,3239,KL,,INR,189691.5,34144.47,223835.97,,
AU-01-ELEC-202605,AU-01,4,Electricity,Southern Cross Energy Pty Ltd,SCE 4471 8890,1876202605,SCE-VIC-611470,202605,2026-05-01,2026-05-31,2026-06-04,2026-07-02,4970492,5112746,142254,kWh,313.0,AUD,44090.79,4409.08,48499.87,0.634,90189.0
AU-01-WATE-202605,AU-01,4,Water,Great Dividing Water Corp,GDW 7781 2043,58344202605,GDW-VIC-220884,202605,2026-05-01,2026-05-31,2026-06-05,2026-07-03,169258,172441,3183,kL,,AUD,14769.63,1476.96,16246.59,,
SG-01-ELEC-202606,SG-01,1,Electricity,Meridian Power Singapore Pte Ltd,MPS-4417-0891,MPS/2026/06/34420,MP-SG-118427,202606,2026-06-01,2026-06-30,2026-07-04,2026-07-25,6378938,6563487,184549,kWh,387.6,SGD,70895.04,6380.55,77275.59,0.412,76034.2
SG-01-WATE-202606,SG-01,1,Water,Island Water Authority,IWA-7734-2205,IWA/2026/06/22700,IW-SG-55031,202606,2026-06-01,2026-06-30,2026-07-06,2026-07-20,187621,191162,3541,Cu M,,SGD,17952.83,1615.75,19568.58,,
MY-01-ELEC-202606,MY-01,2,Electricity,Nusantara Elektrik Berhad,NEB 8802 4417 33,NEB202606019520,NEB-MY-902244,202606,2026-06-01,2026-06-30,2026-07-03,2026-07-31,5494797,5644950,150153,kWh,360.4,MYR,83305.94,6664.48,89970.42,0.585,87839.5
MY-01-WATE-202606,MY-01,2,Water,Selatan Air Sdn Bhd,SA 5590 1187 02,SA202606075482,SA-MY-441907,202606,2026-06-01,2026-06-30,2026-07-04,2026-07-18,181164,184726,3562,m3,,MYR,10425.04,834.0,11259.04,,
IN-01-ELEC-202606,IN-01,3,Electricity,Bharat Grid Utilities Ltd,BGU/HT/560110/4417,BGU-202606-0025590,BGU-KA-7742081,202606,2026-06-01,2026-06-30,2026-07-04,2026-07-18,4414541,4533133,118592,kWh,308.3,INR,1180093.9,106208.45,1286302.35,0.716,84911.9
IN-01-WATE-202606,IN-01,3,Water,Deccan Water Board,DWB/IND/5621/8890,DWB-202606-0060407,DWB-KA-330914,202606,2026-06-01,2026-06-30,2026-07-05,2026-07-26,164471,167384,2913,KL,,INR,170620.5,30711.69,201332.19,,
AU-01-ELEC-202606,AU-01,4,Electricity,Southern Cross Energy Pty Ltd,SCE 4471 8890,56629202606,SCE-VIC-611470,202606,2026-06-01,2026-06-30,2026-07-05,2026-08-02,5112746,5260904,148158,kWh,325.9,AUD,45919.41,4591.94,50511.35,0.634,93932.2
AU-01-WATE-202606,AU-01,4,Water,Great Dividing Water Corp,GDW 7781 2043,78712202606,GDW-VIC-220884,202606,2026-06-01,2026-06-30,2026-07-06,2026-08-03,172441,175860,3419,kL,,AUD,15857.59,1585.76,17443.35,,
