document_id,line_no,charge_code,charge_label,uom,quantity,rate,amount
SG-01-ELEC-202401,1,ENERGY,Energy Charge,kWh,179432,0.285,51138.12
SG-01-ELEC-202401,2,DEMAND,Contracted Capacity Charge,kW,376.8,11.5,4333.2
SG-01-ELEC-202401,3,NETWORK,Grid Charge,kWh,179432,0.0521,9348.41
SG-01-ELEC-202401,4,FUEL,Fuel Cost Adjustment,kWh,179432,0.0187,3355.38
SG-01-ELEC-202401,5,RENEW,Renewable Energy Levy,kWh,179432,0.0042,753.61
SG-01-WATE-202401,1,WATER,Potable Water Tariff,Cu M,3409,2.74,9340.66
SG-01-WATE-202401,2,WBFEE,Waterborne Fee,Cu M,3409,0.92,3136.28
SG-01-WATE-202401,3,WCTAX,Water Conservation Tax,Cu M,3409,1.37,4670.33
SG-01-WATE-202401,4,SANIT,Sanitary Appliance Fee,Fitting,12,11.8,141.6
MY-01-ELEC-202401,1,ENERGY,Caj Tenaga / Energy Charge,kWj,147144,0.435,64007.64
MY-01-ELEC-202401,2,DEMAND,Caj Permintaan / Demand Charge,kW,353.1,32.0,11299.2
MY-01-ELEC-202401,3,FUEL,Pelarasan Kos Bahan Api / Fuel Adjustment,kWj,147144,0.027,3972.89
MY-01-ELEC-202401,4,RENEW,Kumpulan Wang Tenaga Boleh Baharu / RE Fund,kWj,147144,0.016,2354.3
MY-01-WATE-202401,1,WATER,Caj Air / Water Charge,m3,3275,2.28,7467.0
MY-01-WATE-202401,2,SEWER,Caj Pembetungan / Sewerage Charge,m3,3275,0.64,2096.0
MY-01-WATE-202401,3,MSVC,Caj Perkhidmatan Meter / Meter Service,Meter,1,24.0,24.0
IN-01-ELEC-202401,1,ENERGY,Energy Charges,kWh,98330,8.15,801389.5
IN-01-ELEC-202401,2,DEMAND,Demand Charges,kVA,255.7,385.0,98444.5
IN-01-ELEC-202401,3,FUEL,Fuel & Power Purchase Cost Adjustment,kWh,98330,0.49,48181.7
IN-01-ELEC-202401,4,NETWORK,Transmission & Wheeling Charges,kWh,98330,0.31,30482.3
IN-01-WATE-202401,1,WATER,Water Consumption Charges,KL,2466,45.0,110970.0
IN-01-WATE-202401,2,SEWER,Sewerage Cess,KL,2466,13.5,33291.0
IN-01-WATE-202401,3,MSVC,Meter Rent & Service Charge,Meter,1,210.0,210.0
AU-01-ELEC-202401,1,ENERGY,Electricity usage,kWh,112589,0.198,22292.62
AU-01-ELEC-202401,2,DEMAND,Demand charge,kW,247.7,14.2,3517.34
AU-01-ELEC-202401,3,NETWORK,Network access charge,kWh,112589,0.0714,8038.85
AU-01-ELEC-202401,4,RENEW,Renewable energy scheme,kWh,112589,0.0093,1047.08
AU-01-WATE-202401,1,WATER,Water usage,kL,2504,3.42,8563.68
AU-01-WATE-202401,2,SEWER,Trade waste and sewerage,kL,2504,1.19,2979.76
AU-01-WATE-202401,3,MSVC,Service availability charge,Service,1,96.0,96.0
SG-01-ELEC-202402,1,ENERGY,Energy Charge,kWh,177692,0.285,50642.22
SG-01-ELEC-202402,2,DEMAND,Contracted Capacity Charge,kW,373.2,11.5,4291.8
SG-01-ELEC-202402,3,NETWORK,Grid Charge,kWh,177692,0.0521,9257.75
SG-01-ELEC-202402,4,FUEL,Fuel Cost Adjustment,kWh,177692,0.0187,3322.84
SG-01-ELEC-202402,5,RENEW,Renewable Energy Levy,kWh,177692,0.0042,746.31
SG-01-WATE-202402,1,WATER,Potable Water Tariff,Cu M,3680,2.74,10083.2
SG-01-WATE-202402,2,WBFEE,Waterborne Fee,Cu M,3680,0.92,3385.6
SG-01-WATE-202402,3,WCTAX,Water Conservation Tax,Cu M,3680,1.37,5041.6
SG-01-WATE-202402,4,SANIT,Sanitary Appliance Fee,Fitting,12,11.8,141.6
MY-01-ELEC-202402,1,ENERGY,Caj Tenaga / Energy Charge,kWj,132294,0.435,57547.89
MY-01-ELEC-202402,2,DEMAND,Caj Permintaan / Demand Charge,kW,317.5,32.0,10160.0
MY-01-ELEC-202402,3,FUEL,Pelarasan Kos Bahan Api / Fuel Adjustment,kWj,132294,0.027,3571.94
MY-01-ELEC-202402,4,RENEW,Kumpulan Wang Tenaga Boleh Baharu / RE Fund,kWj,132294,0.016,2116.7
MY-01-WATE-202402,1,WATER,Caj Air / Water Charge,m3,2888,2.28,6584.64
MY-01-WATE-202402,2,SEWER,Caj Pembetungan / Sewerage Charge,m3,2888,0.64,1848.32
MY-01-WATE-202402,3,MSVC,Caj Perkhidmatan Meter / Meter Service,Meter,1,24.0,24.0
IN-01-ELEC-202402,1,ENERGY,Energy Charges,kWh,100904,8.15,822367.6
IN-01-ELEC-202402,2,DEMAND,Demand Charges,kVA,262.4,385.0,101024.0
IN-01-ELEC-202402,3,FUEL,Fuel & Power Purchase Cost Adjustment,kWh,100904,0.49,49442.96
IN-01-ELEC-202402,4,NETWORK,Transmission & Wheeling Charges,kWh,100904,0.31,31280.24
IN-01-WATE-202402,1,WATER,Water Consumption Charges,KL,2563,45.0,115335.0
IN-01-WATE-202402,2,SEWER,Sewerage Cess,KL,2563,13.5,34600.5
IN-01-WATE-202402,3,MSVC,Meter Rent & Service Charge,Meter,1,210.0,210.0
AU-01-ELEC-202402,1,ENERGY,Electricity usage,kWh,107218,0.198,21229.16
AU-01-ELEC-202402,2,DEMAND,Demand charge,kW,235.9,14.2,3349.78
AU-01-ELEC-202402,3,NETWORK,Network access charge,kWh,107218,0.0714,7655.37
AU-01-ELEC-202402,4,RENEW,Renewable energy scheme,kWh,107218,0.0093,997.13
AU-01-WATE-202402,1,WATER,Water usage,kL,2424,3.42,8290.08
AU-01-WATE-202402,2,SEWER,Trade waste and sewerage,kL,2424,1.19,2884.56
AU-01-WATE-202402,3,MSVC,Service availability charge,Service,1,96.0,96.0
SG-01-ELEC-202403,1,ENERGY,Energy Charge,kWh,202276,0.285,57648.66
SG-01-ELEC-202403,2,DEMAND,Contracted Capacity Charge,kW,424.8,11.5,4885.2
SG-01-ELEC-202403,3,NETWORK,Grid Charge,kWh,202276,0.0521,10538.58
SG-01-ELEC-202403,4,FUEL,Fuel Cost Adjustment,kWh,202276,0.0187,3782.56
SG-01-ELEC-202403,5,RENEW,Renewable Energy Levy,kWh,202276,0.0042,849.56
SG-01-WATE-202403,1,WATER,Potable Water Tariff,Cu M,3781,2.74,10359.94
SG-01-WATE-202403,2,WBFEE,Waterborne Fee,Cu M,3781,0.92,3478.52
SG-01-WATE-202403,3,WCTAX,Water Conservation Tax,Cu M,3781,1.37,5179.97
SG-01-WATE-202403,4,SANIT,Sanitary Appliance Fee,Fitting,12,11.8,141.6
MY-01-ELEC-202403,1,ENERGY,Caj Tenaga / Energy Charge,kWj,135077,0.435,58758.5
MY-01-ELEC-202403,2,DEMAND,Caj Permintaan / Demand Charge,kW,324.2,32.0,10374.4
MY-01-ELEC-202403,3,FUEL,Pelarasan Kos Bahan Api / Fuel Adjustment,kWj,135077,0.027,3647.08
MY-01-ELEC-202403,4,RENEW,Kumpulan Wang Tenaga Boleh Baharu / RE Fund,kWj,135077,0.016,2161.23
MY-01-WATE-202403,1,WATER,Caj Air / Water Charge,m3,2969,2.28,6769.32
MY-01-WATE-202403,2,SEWER,Caj Pembetungan / Sewerage Charge,m3,2969,0.64,1900.16
MY-01-WATE-202403,3,MSVC,Caj Perkhidmatan Meter / Meter Service,Meter,1,24.0,24.0
IN-01-ELEC-202403,1,ENERGY,Energy Charges,kWh,105346,8.15,858569.9
IN-01-ELEC-202403,2,DEMAND,Demand Charges,kVA,273.9,385.0,105451.5
IN-01-ELEC-202403,3,FUEL,Fuel & Power Purchase Cost Adjustment,kWh,105346,0.49,51619.54
IN-01-ELEC-202403,4,NETWORK,Transmission & Wheeling Charges,kWh,105346,0.31,32657.26
IN-01-WATE-202403,1,WATER,Water Consumption Charges,KL,2662,45.0,119790.0
IN-01-WATE-202403,2,SEWER,Sewerage Cess,KL,2662,13.5,35937.0
IN-01-WATE-202403,3,MSVC,Meter Rent & Service Charge,Meter,1,210.0,210.0
AU-01-ELEC-202403,1,ENERGY,Electricity usage,kWh,130141,0.198,25767.92
AU-01-ELEC-202403,2,DEMAND,Demand charge,kW,286.3,14.2,4065.46
AU-01-ELEC-202403,3,NETWORK,Network access charge,kWh,130141,0.0714,9292.07
AU-01-ELEC-202403,4,RENEW,Renewable energy scheme,kWh,130141,0.0093,1210.31
AU-01-WATE-202403,1,WATER,Water usage,kL,2981,3.42,10195.02
AU-01-WATE-202403,2,SEWER,Trade waste and sewerage,kL,2981,1.19,3547.39
AU-01-WATE-202403,3,MSVC,Service availability charge,Service,1,96.0,96.0
SG-01-ELEC-202404,1,ENERGY,Energy Charge,kWh,183007,0.285,52156.99
SG-01-ELEC-202404,2,DEMAND,Contracted Capacity Charge,kW,384.3,11.5,4419.45
SG-01-ELEC-202404,3,NETWORK,Grid Charge,kWh,183007,0.0521,9534.66
SG-01-ELEC-202404,4,FUEL,Fuel Cost Adjustment,kWh,183007,0.0187,3422.23
SG-01-ELEC-202404,5,RENEW,Renewable Energy Levy,kWh,183007,0.0042,768.63
SG-01-WATE-202404,1,WATER,Potable Water Tariff,Cu M,3561,2.74,9757.14
SG-01-WATE-202404,2,WBFEE,Waterborne Fee,Cu M,3561,0.92,3276.12
SG-01-WATE-202404,3,WCTAX,Water Conservation Tax,Cu M,3561,1.37,4878.57
SG-01-WATE-202404,4,SANIT,Sanitary Appliance Fee,Fitting,12,11.8,141.6
MY-01-ELEC-202404,1,ENERGY,Caj Tenaga / Energy Charge,kWj,140965,0.435,61319.78
MY-01-ELEC-202404,2,DEMAND,Caj Permintaan / Demand Charge,kW,338.3,32.0,10825.6
MY-01-ELEC-202404,3,FUEL,Pelarasan Kos Bahan Api / Fuel Adjustment,kWj,140965,0.027,3806.05
MY-01-ELEC-202404,4,RENEW,Kumpulan Wang Tenaga Boleh Baharu / RE Fund,kWj,140965,0.016,2255.44
MY-01-WATE-202404,1,WATER,Caj Air / Water Charge,m3,3181,2.28,7252.68
MY-01-WATE-202404,2,SEWER,Caj Pembetungan / Sewerage Charge,m3,3181,0.64,2035.84
MY-01-WATE-202404,3,MSVC,Caj Perkhidmatan Meter / Meter Service,Meter,1,24.0,24.0
IN-01-ELEC-202404,1,ENERGY,Energy Charges,kWh,110910,8.15,903916.5
IN-01-ELEC-202404,2,DEMAND,Demand Charges,kVA,288.4,385.0,111034.0
IN-01-ELEC-202404,3,FUEL,Fuel & Power Purchase Cost Adjustment,kWh,110910,0.49,54345.9
IN-01-ELEC-202404,4,NETWORK,Transmission & Wheeling Charges,kWh,110910,0.31,34382.1
IN-01-WATE-202404,1,WATER,Water Consumption Charges,KL,2918,45.0,131310.0
IN-01-WATE-202404,2,SEWER,Sewerage Cess,KL,2918,13.5,39393.0
IN-01-WATE-202404,3,MSVC,Meter Rent & Service Charge,Meter,1,210.0,210.0
AU-01-ELEC-202404,1,ENERGY,Electricity usage,kWh,135835,0.198,26895.33
AU-01-ELEC-202404,2,DEMAND,Demand charge,kW,298.8,14.2,4242.96
AU-01-ELEC-202404,3,NETWORK,Network access charge,kWh,135835,0.0714,9698.62
AU-01-ELEC-202404,4,RENEW,Renewable energy scheme,kWh,135835,0.0093,1263.27
AU-01-WATE-202404,1,WATER,Water usage,kL,3196,3.42,10930.32
AU-01-WATE-202404,2,SEWER,Trade waste and sewerage,kL,3196,1.19,3803.24
AU-01-WATE-202404,3,MSVC,Service availability charge,Service,1,96.0,96.0
SG-01-ELEC-202405,1,ENERGY,Energy Charge,kWh,173207,0.285,49363.99
SG-01-ELEC-202405,2,DEMAND,Contracted Capacity Charge,kW,363.7,11.5,4182.55
SG-01-ELEC-202405,3,NETWORK,Grid Charge,kWh,173207,0.0521,9024.08
SG-01-ELEC-202405,4,FUEL,Fuel Cost Adjustment,kWh,173207,0.0187,3238.97
SG-01-ELEC-202405,5,RENEW,Renewable Energy Levy,kWh,173207,0.0042,727.47
SG-01-WATE-202405,1,WATER,Potable Water Tariff,Cu M,3467,2.74,9499.58
SG-01-WATE-202405,2,WBFEE,Waterborne Fee,Cu M,3467,0.92,3189.64
SG-01-WATE-202405,3,WCTAX,Water Conservation Tax,Cu M,3467,1.37,4749.79
SG-01-WATE-202405,4,SANIT,Sanitary Appliance Fee,Fitting,12,11.8,141.6
MY-01-ELEC-202405,1,ENERGY,Caj Tenaga / Energy Charge,kWj,167386,0.435,72812.91
MY-01-ELEC-202405,2,DEMAND,Caj Permintaan / Demand Charge,kW,401.7,32.0,12854.4
MY-01-ELEC-202405,3,FUEL,Pelarasan Kos Bahan Api / Fuel Adjustment,kWj,167386,0.027,4519.42
MY-01-ELEC-202405,4,RENEW,Kumpulan Wang Tenaga Boleh Baharu / RE Fund,kWj,167386,0.016,2678.18
MY-01-WATE-202405,1,WATER,Caj Air / Water Charge,m3,3792,2.28,8645.76
MY-01-WATE-202405,2,SEWER,Caj Pembetungan / Sewerage Charge,m3,3792,0.64,2426.88
MY-01-WATE-202405,3,MSVC,Caj Perkhidmatan Meter / Meter Service,Meter,1,24.0,24.0
IN-01-ELEC-202405,1,ENERGY,Energy Charges,kWh,126185,8.15,1028407.75
IN-01-ELEC-202405,2,DEMAND,Demand Charges,kVA,328.1,385.0,126318.5
IN-01-ELEC-202405,3,FUEL,Fuel & Power Purchase Cost Adjustment,kWh,126185,0.49,61830.65
IN-01-ELEC-202405,4,NETWORK,Transmission & Wheeling Charges,kWh,126185,0.31,39117.35
IN-01-WATE-202405,1,WATER,Water Consumption Charges,KL,3222,45.0,144990.0
IN-01-WATE-202405,2,SEWER,Sewerage Cess,KL,3222,13.5,43497.0
IN-01-WATE-202405,3,MSVC,Meter Rent & Service Charge,Meter,1,210.0,210.0
AU-01-ELEC-202405,1,ENERGY,Electricity usage,kWh,146913,0.198,29088.77
AU-01-ELEC-202405,2,DEMAND,Demand charge,kW,323.2,14.2,4589.44
AU-01-ELEC-202405,3,NETWORK,Network access charge,kWh,146913,0.0714,10489.59
AU-01-ELEC-202405,4,RENEW,Renewable energy scheme,kWh,146913,0.0093,1366.29
AU-01-WATE-202405,1,WATER,Water usage,kL,3198,3.42,10937.16
AU-01-WATE-202405,2,SEWER,Trade waste and sewerage,kL,3198,1.19,3805.62
AU-01-WATE-202405,3,MSVC,Service availability charge,Service,1,96.0,96.0
SG-01-ELEC-202406,1,ENERGY,Energy Charge,kWh,159926,0.285,45578.91
SG-01-ELEC-202406,2,DEMAND,Contracted Capacity Charge,kW,335.8,11.5,3861.7
SG-01-ELEC-202406,3,NETWORK,Grid Charge,kWh,159926,0.0521,8332.14
SG-01-ELEC-202406,4,FUEL,Fuel Cost Adjustment,kWh,159926,0.0187,2990.62
SG-01-ELEC-202406,5,RENEW,Renewable Energy Levy,kWh,159926,0.0042,671.69
SG-01-WATE-202406,1,WATER,Potable Water Tariff,Cu M,3097,2.74,8485.78
SG-01-WATE-202406,2,WBFEE,Waterborne Fee,Cu M,3097,0.92,2849.24
SG-01-WATE-202406,3,WCTAX,Water Conservation Tax,Cu M,3097,1.37,4242.89
SG-01-WATE-202406,4,SANIT,Sanitary Appliance Fee,Fitting,12,11.8,141.6
MY-01-ELEC-202406,1,ENERGY,Caj Tenaga / Energy Charge,kWj,151666,0.435,65974.71
MY-01-ELEC-202406,2,DEMAND,Caj Permintaan / Demand Charge,kW,364.0,32.0,11648.0
MY-01-ELEC-202406,3,FUEL,Pelarasan Kos Bahan Api / Fuel Adjustment,kWj,151666,0.027,4094.98
MY-01-ELEC-202406,4,RENEW,Kumpulan Wang Tenaga Boleh Baharu / RE Fund,kWj,151666,0.016,2426.66
MY-01-WATE-202406,1,WATER,Caj Air / Water Charge,m3,3275,2.28,7467.0
MY-01-WATE-202406,2,SEWER,Caj Pembetungan / Sewerage Charge,m3,3275,0.64,2096.0
MY-01-WATE-202406,3,MSVC,Caj Perkhidmatan Meter / Meter Service,Meter,1,24.0,24.0
IN-01-ELEC-202406,1,ENERGY,Energy Charges,kWh,114895,8.15,936394.25
IN-01-ELEC-202406,2,DEMAND,Demand Charges,kVA,298.7,385.0,114999.5
IN-01-ELEC-202406,3,FUEL,Fuel & Power Purchase Cost Adjustment,kWh,114895,0.49,56298.55
IN-01-ELEC-202406,4,NETWORK,Transmission & Wheeling Charges,kWh,114895,0.31,35617.45
IN-01-WATE-202406,1,WATER,Water Consumption Charges,KL,2778,45.0,125010.0
IN-01-WATE-202406,2,SEWER,Sewerage Cess,KL,2778,13.5,37503.0
IN-01-WATE-202406,3,MSVC,Meter Rent & Service Charge,Meter,1,210.0,210.0
AU-01-ELEC-202406,1,ENERGY,Electricity usage,kWh,163036,0.198,32281.13
AU-01-ELEC-202406,2,DEMAND,Demand charge,kW,358.7,14.2,5093.54
AU-01-ELEC-202406,3,NETWORK,Network access charge,kWh,163036,0.0714,11640.77
AU-01-ELEC-202406,4,RENEW,Renewable energy scheme,kWh,163036,0.0093,1516.23
AU-01-WATE-202406,1,WATER,Water usage,kL,3485,3.42,11918.7
AU-01-WATE-202406,2,SEWER,Trade waste and sewerage,kL,3485,1.19,4147.15
AU-01-WATE-202406,3,MSVC,Service availability charge,Service,1,96.0,96.0
SG-01-ELEC-202407,1,ENERGY,Energy Charge,kWh,189680,0.285,54058.8
SG-01-ELEC-202407,2,DEMAND,Contracted Capacity Charge,kW,398.3,11.5,4580.45
SG-01-ELEC-202407,3,NETWORK,Grid Charge,kWh,189680,0.0521,9882.33
SG-01-ELEC-202407,4,FUEL,Fuel Cost Adjustment,kWh,189680,0.0187,3547.02
SG-01-ELEC-202407,5,RENEW,Renewable Energy Levy,kWh,189680,0.0042,796.66
SG-01-WATE-202407,1,WATER,Potable Water Tariff,Cu M,3782,2.74,10362.68
SG-01-WATE-202407,2,WBFEE,Waterborne Fee,Cu M,3782,0.92,3479.44
SG-01-WATE-202407,3,WCTAX,Water Conservation Tax,Cu M,3782,1.37,5181.34
SG-01-WATE-202407,4,SANIT,Sanitary Appliance Fee,Fitting,12,11.8,141.6
MY-01-ELEC-202407,1,ENERGY,Caj Tenaga / Energy Charge,kWj,152855,0.435,66491.93
MY-01-ELEC-202407,2,DEMAND,Caj Permintaan / Demand Charge,kW,366.9,32.0,11740.8
MY-01-ELEC-202407,3,FUEL,Pelarasan Kos Bahan Api / Fuel Adjustment,kWj,152855,0.027,4127.09
MY-01-ELEC-202407,4,RENEW,Kumpulan Wang Tenaga Boleh Baharu / RE Fund,kWj,152855,0.016,2445.68
MY-01-WATE-202407,1,WATER,Caj Air / Water Charge,m3,3419,2.28,7795.32
MY-01-WATE-202407,2,SEWER,Caj Pembetungan / Sewerage Charge,m3,3419,0.64,2188.16
MY-01-WATE-202407,3,MSVC,Caj Perkhidmatan Meter / Meter Service,Meter,1,24.0,24.0
IN-01-ELEC-202407,1,ENERGY,Energy Charges,kWh,99966,8.15,814722.9
IN-01-ELEC-202407,2,DEMAND,Demand Charges,kVA,259.9,385.0,100061.5
IN-01-ELEC-202407,3,FUEL,Fuel & Power Purchase Cost Adjustment,kWh,99966,0.49,48983.34
IN-01-ELEC-202407,4,NETWORK,Transmission & Wheeling Charges,kWh,99966,0.31,30989.46
IN-01-WATE-202407,1,WATER,Water Consumption Charges,KL,2636,45.0,118620.0
IN-01-WATE-202407,2,SEWER,Sewerage Cess,KL,2636,13.5,35586.0
IN-01-WATE-202407,3,MSVC,Meter Rent & Service Charge,Meter,1,210.0,210.0
AU-01-ELEC-202407,1,ENERGY,Electricity usage,kWh,143462,0.198,28405.48
AU-01-ELEC-202407,2,DEMAND,Demand charge,kW,315.6,14.2,4481.52
AU-01-ELEC-202407,3,NETWORK,Network access charge,kWh,143462,0.0714,10243.19
AU-01-ELEC-202407,4,RENEW,Renewable energy scheme,kWh,143462,0.0093,1334.2
AU-01-WATE-202407,1,WATER,Water usage,kL,3412,3.42,11669.04
AU-01-WATE-202407,2,SEWER,Trade waste and sewerage,kL,3412,1.19,4060.28
AU-01-WATE-202407,3,MSVC,Service availability charge,Service,1,96.0,96.0
SG-01-ELEC-202408,1,ENERGY,Energy Charge,kWh,183860,0.285,52400.1
SG-01-ELEC-202408,2,DEMAND,Contracted Capacity Charge,kW,386.1,11.5,4440.15
SG-01-ELEC-202408,3,NETWORK,Grid Charge,kWh,183860,0.0521,9579.11
SG-01-ELEC-202408,4,FUEL,Fuel Cost Adjustment,kWh,183860,0.0187,3438.18
SG-01-ELEC-202408,5,RENEW,Renewable Energy Levy,kWh,183860,0.0042,772.21
SG-01-WATE-202408,1,WATER,Potable Water Tariff,Cu M,3516,2.74,9633.84
SG-01-WATE-202408,2,WBFEE,Waterborne Fee,Cu M,3516,0.92,3234.72
SG-01-WATE-202408,3,WCTAX,Water Conservation Tax,Cu M,3516,1.37,4816.92
SG-01-WATE-202408,4,SANIT,Sanitary Appliance Fee,Fitting,12,11.8,141.6
MY-01-ELEC-202408,1,ENERGY,Caj Tenaga / Energy Charge,kWj,160517,0.435,69824.9
MY-01-ELEC-202408,2,DEMAND,Caj Permintaan / Demand Charge,kW,385.2,32.0,12326.4
MY-01-ELEC-202408,3,FUEL,Pelarasan Kos Bahan Api / Fuel Adjustment,kWj,160517,0.027,4333.96
MY-01-ELEC-202408,4,RENEW,Kumpulan Wang Tenaga Boleh Baharu / RE Fund,kWj,160517,0.016,2568.27
MY-01-WATE-202408,1,WATER,Caj Air / Water Charge,m3,3662,2.28,8349.36
MY-01-WATE-202408,2,SEWER,Caj Pembetungan / Sewerage Charge,m3,3662,0.64,2343.68
MY-01-WATE-202408,3,MSVC,Caj Perkhidmatan Meter / Meter Service,Meter,1,24.0,24.0
IN-01-ELEC-202408,1,ENERGY,Energy Charges,kWh,105404,8.15,859042.6
IN-01-ELEC-202408,2,DEMAND,Demand Charges,kVA,274.1,385.0,105528.5
IN-01-ELEC-202408,3,FUEL,Fuel & Power Purchase Cost Adjustment,kWh,105404,0.49,51647.96
IN-01-ELEC-202408,4,NETWORK,Transmission & Wheeling Charges,kWh,105404,0.31,32675.24
IN-01-WATE-202408,1,WATER,Water Consumption Charges,KL,2497,45.0,112365.0
IN-01-WATE-202408,2,SEWER,Sewerage Cess,KL,2497,13.5,33709.5
IN-01-WATE-202408,3,MSVC,Meter Rent & Service Charge,Meter,1,210.0,210.0
AU-01-ELEC-202408,1,ENERGY,Electricity usage,kWh,145968,0.198,28901.66
AU-01-ELEC-202408,2,DEMAND,Demand charge,kW,321.1,14.2,4559.62
AU-01-ELEC-202408,3,NETWORK,Network access charge,kWh,145968,0.0714,10422.12
AU-01-ELEC-202408,4,RENEW,Renewable energy scheme,kWh,145968,0.0093,1357.5
AU-01-WATE-202408,1,WATER,Water usage,kL,3357,3.42,11480.94
AU-01-WATE-202408,2,SEWER,Trade waste and sewerage,kL,3357,1.19,3994.83
AU-01-WATE-202408,3,MSVC,Service availability charge,Service,1,96.0,96.0
SG-01-ELEC-202409,1,ENERGY,Energy Charge,kWh,187602,0.285,53466.57
SG-01-ELEC-202409,2,DEMAND,Contracted Capacity Charge,kW,394.0,11.5,4531.0
SG-01-ELEC-202409,3,NETWORK,Grid Charge,kWh,187602,0.0521,9774.06
SG-01-ELEC-202409,4,FUEL,Fuel Cost Adjustment,kWh,187602,0.0187,3508.16
SG-01-ELEC-202409,5,RENEW,Renewable Energy Levy,kWh,187602,0.0042,787.93
SG-01-WATE-202409,1,WATER,Potable Water Tariff,Cu M,3651,2.74,10003.74
SG-01-WATE-202409,2,WBFEE,Waterborne Fee,Cu M,3651,0.92,3358.92
SG-01-WATE-202409,3,WCTAX,Water Conservation Tax,Cu M,3651,1.37,5001.87
SG-01-WATE-202409,4,SANIT,Sanitary Appliance Fee,Fitting,12,11.8,141.6
MY-01-ELEC-202409,1,ENERGY,Caj Tenaga / Energy Charge,kWj,128032,0.435,55693.92
MY-01-ELEC-202409,2,DEMAND,Caj Permintaan / Demand Charge,kW,307.3,32.0,9833.6
MY-01-ELEC-202409,3,FUEL,Pelarasan Kos Bahan Api / Fuel Adjustment,kWj,128032,0.027,3456.86
MY-01-ELEC-202409,4,RENEW,Kumpulan Wang Tenaga Boleh Baharu / RE Fund,kWj,128032,0.016,2048.51
MY-01-WATE-202409,1,WATER,Caj Air / Water Charge,m3,2968,2.28,6767.04
MY-01-WATE-202409,2,SEWER,Caj Pembetungan / Sewerage Charge,m3,2968,0.64,1899.52
MY-01-WATE-202409,3,MSVC,Caj Perkhidmatan Meter / Meter Service,Meter,1,24.0,24.0
IN-01-ELEC-202409,1,ENERGY,Energy Charges,kWh,102452,8.15,834983.8
IN-01-ELEC-202409,2,DEMAND,Demand Charges,kVA,266.4,385.0,102564.0
IN-01-ELEC-202409,3,FUEL,Fuel & Power Purchase Cost Adjustment,kWh,102452,0.49,50201.48
IN-01-ELEC-202409,4,NETWORK,Transmission & Wheeling Charges,kWh,102452,0.31,31760.12
IN-01-WATE-202409,1,WATER,Water Consumption Charges,KL,2498,45.0,112410.0
IN-01-WATE-202409,2,SEWER,Sewerage Cess,KL,2498,13.5,33723.0
IN-01-WATE-202409,3,MSVC,Meter Rent & Service Charge,Meter,1,210.0,210.0
AU-01-ELEC-202409,1,ENERGY,Electricity usage,kWh,133160,0.198,26365.68
AU-01-ELEC-202409,2,DEMAND,Demand charge,kW,293.0,14.2,4160.6
AU-01-ELEC-202409,3,NETWORK,Network access charge,kWh,133160,0.0714,9507.62
AU-01-ELEC-202409,4,RENEW,Renewable energy scheme,kWh,133160,0.0093,1238.39
AU-01-WATE-202409,1,WATER,Water usage,kL,3031,3.42,10366.02
AU-01-WATE-202409,2,SEWER,Trade waste and sewerage,kL,3031,1.19,3606.89
AU-01-WATE-202409,3,MSVC,Service availability charge,Service,1,96.0,96.0
SG-01-ELEC-202410,1,ENERGY,Energy Charge,kWh,177942,0.285,50713.47
SG-01-ELEC-202410,2,DEMAND,Contracted Capacity Charge,kW,373.7,11.5,4297.55
SG-01-ELEC-202410,3,NETWORK,Grid Charge,kWh,177942,0.0521,9270.78
SG-01-ELEC-202410,4,FUEL,Fuel Cost Adjustment,kWh,177942,0.0187,3327.52
SG-01-ELEC-202410,5,RENEW,Renewable Energy Levy,kWh,177942,0.0042,747.36
SG-01-WATE-202410,1,WATER,Potable Water Tariff,Cu M,3644,2.74,9984.56
SG-01-WATE-202410,2,WBFEE,Waterborne Fee,Cu M,3644,0.92,3352.48
SG-01-WATE-202410,3,WCTAX,Water Conservation Tax,Cu M,3644,1.37,4992.28
SG-01-WATE-202410,4,SANIT,Sanitary Appliance Fee,Fitting,12,11.8,141.6
MY-01-ELEC-202410,1,ENERGY,Caj Tenaga / Energy Charge,kWj,132963,0.435,57838.9
MY-01-ELEC-202410,2,DEMAND,Caj Permintaan / Demand Charge,kW,319.1,32.0,10211.2
MY-01-ELEC-202410,3,FUEL,Pelarasan Kos Bahan Api / Fuel Adjustment,kWj,132963,0.027,3590.0
MY-01-ELEC-202410,4,RENEW,Kumpulan Wang Tenaga Boleh Baharu / RE Fund,kWj,132963,0.016,2127.41
MY-01-WATE-202410,1,WATER,Caj Air / Water Charge,m3,2955,2.28,6737.4
MY-01-WATE-202410,2,SEWER,Caj Pembetungan / Sewerage Charge,m3,2955,0.64,1891.2
MY-01-WATE-202410,3,MSVC,Caj Perkhidmatan Meter / Meter Service,Meter,1,24.0,24.0
IN-01-ELEC-202410,1,ENERGY,Energy Charges,kWh,100047,8.15,815383.05
IN-01-ELEC-202410,2,DEMAND,Demand Charges,kVA,260.1,385.0,100138.5
IN-01-ELEC-202410,3,FUEL,Fuel & Power Purchase Cost Adjustment,kWh,100047,0.49,49023.03
IN-01-ELEC-202410,4,NETWORK,Transmission & Wheeling Charges,kWh,100047,0.31,31014.57
IN-01-WATE-202410,1,WATER,Water Consumption Charges,KL,2533,45.0,113985.0
IN-01-WATE-202410,2,SEWER,Sewerage Cess,KL,2533,13.5,34195.5
IN-01-WATE-202410,3,MSVC,Meter Rent & Service Charge,Meter,1,210.0,210.0
AU-01-ELEC-202410,1,ENERGY,Electricity usage,kWh,130528,0.198,25844.54
AU-01-ELEC-202410,2,DEMAND,Demand charge,kW,287.2,14.2,4078.24
AU-01-ELEC-202410,3,NETWORK,Network access charge,kWh,130528,0.0714,9319.7
AU-01-ELEC-202410,4,RENEW,Renewable energy scheme,kWh,130528,0.0093,1213.91
AU-01-WATE-202410,1,WATER,Water usage,kL,2983,3.42,10201.86
AU-01-WATE-202410,2,SEWER,Trade waste and sewerage,kL,2983,1.19,3549.77
AU-01-WATE-202410,3,MSVC,Service availability charge,Service,1,96.0,96.0
SG-01-ELEC-202411,1,ENERGY,Energy Charge,kWh,185936,0.285,52991.76
SG-01-ELEC-202411,2,DEMAND,Contracted Capacity Charge,kW,390.5,11.5,4490.75
SG-01-ELEC-202411,3,NETWORK,Grid Charge,kWh,185936,0.0521,9687.27
SG-01-ELEC-202411,4,FUEL,Fuel Cost Adjustment,kWh,185936,0.0187,3477.0
SG-01-ELEC-202411,5,RENEW,Renewable Energy Levy,kWh,185936,0.0042,780.93
SG-01-WATE-202411,1,WATER,Potable Water Tariff,Cu M,3703,2.74,10146.22
SG-01-WATE-202411,2,WBFEE,Waterborne Fee,Cu M,3703,0.92,3406.76
SG-01-WATE-202411,3,WCTAX,Water Conservation Tax,Cu M,3703,1.37,5073.11
SG-01-WATE-202411,4,SANIT,Sanitary Appliance Fee,Fitting,12,11.8,141.6
MY-01-ELEC-202411,1,ENERGY,Caj Tenaga / Energy Charge,kWj,144897,0.435,63030.19
MY-01-ELEC-202411,2,DEMAND,Caj Permintaan / Demand Charge,kW,347.8,32.0,11129.6
MY-01-ELEC-202411,3,FUEL,Pelarasan Kos Bahan Api / Fuel Adjustment,kWj,144897,0.027,3912.22
MY-01-ELEC-202411,4,RENEW,Kumpulan Wang Tenaga Boleh Baharu / RE Fund,kWj,144897,0.016,2318.35
MY-01-WATE-202411,1,WATER,Caj Air / Water Charge,m3,3187,2.28,7266.36
MY-01-WATE-202411,2,SEWER,Caj Pembetungan / Sewerage Charge,m3,3187,0.64,2039.68
MY-01-WATE-202411,3,MSVC,Caj Perkhidmatan Meter / Meter Service,Meter,1,24.0,24.0
IN-01-ELEC-202411,1,ENERGY,Energy Charges,kWh,105298,8.15,858178.7
IN-01-ELEC-202411,2,DEMAND,Demand Charges,kVA,273.8,385.0,105413.0
IN-01-ELEC-202411,3,FUEL,Fuel & Power Purchase Cost Adjustment,kWh,105298,0.49,51596.02
IN-01-ELEC-202411,4,NETWORK,Transmission & Wheeling Charges,kWh,105298,0.31,32642.38
IN-01-WATE-202411,1,WATER,Water Consumption Charges,KL,2692,45.0,121140.0
IN-01-WATE-202411,2,SEWER,Sewerage Cess,KL,2692,13.5,36342.0
IN-01-WATE-202411,3,MSVC,Meter Rent & Service Charge,Meter,1,210.0,210.0
AU-01-ELEC-202411,1,ENERGY,Electricity usage,kWh,112381,0.198,22251.44
AU-01-ELEC-202411,2,DEMAND,Demand charge,kW,247.2,14.2,3510.24
AU-01-ELEC-202411,3,NETWORK,Network access charge,kWh,112381,0.0714,8024.0
AU-01-ELEC-202411,4,RENEW,Renewable energy scheme,kWh,112381,0.0093,1045.14
AU-01-WATE-202411,1,WATER,Water usage,kL,2625,3.42,8977.5
AU-01-WATE-202411,2,SEWER,Trade waste and sewerage,kL,2625,1.19,3123.75
AU-01-WATE-202411,3,MSVC,Service availability charge,Service,1,96.0,96.0
SG-01-ELEC-202412,1,ENERGY,Energy Charge,kWh,167471,0.285,47729.23
SG-01-ELEC-202412,2,DEMAND,Contracted Capacity Charge,kW,351.7,11.5,4044.55
SG-01-ELEC-202412,3,NETWORK,Grid Charge,kWh,167471,0.0521,8725.24
SG-01-ELEC-202412,4,FUEL,Fuel Cost Adjustment,kWh,167471,0.0187,3131.71
SG-01-ELEC-202412,5,RENEW,Renewable Energy Levy,kWh,167471,0.0042,703.38
SG-01-WATE-202412,1,WATER,Potable Water Tariff,Cu M,3376,2.74,9250.24
SG-01-WATE-202412,2,WBFEE,Waterborne Fee,Cu M,3376,0.92,3105.92
SG-01-WATE-202412,3,WCTAX,Water Conservation Tax,Cu M,3376,1.37,4625.12
SG-01-WATE-202412,4,SANIT,Sanitary Appliance Fee,Fitting,12,11.8,141.6
MY-01-ELEC-202412,1,ENERGY,Caj Tenaga / Energy Charge,kWj,151919,0.435,66084.76
MY-01-ELEC-202412,2,DEMAND,Caj Permintaan / Demand Charge,kW,364.6,32.0,11667.2
MY-01-ELEC-202412,3,FUEL,Pelarasan Kos Bahan Api / Fuel Adjustment,kWj,151919,0.027,4101.81
MY-01-ELEC-202412,4,RENEW,Kumpulan Wang Tenaga Boleh Baharu / RE Fund,kWj,151919,0.016,2430.7
MY-01-WATE-202412,1,WATER,Caj Air / Water Charge,m3,3389,2.28,7726.92
MY-01-WATE-202412,2,SEWER,Caj Pembetungan / Sewerage Charge,m3,3389,0.64,2168.96
MY-01-WATE-202412,3,MSVC,Caj Perkhidmatan Meter / Meter Service,Meter,1,24.0,24.0
IN-01-ELEC-202412,1,ENERGY,Energy Charges,kWh,94387,8.15,769254.05
IN-01-ELEC-202412,2,DEMAND,Demand Charges,kVA,245.4,385.0,94479.0
IN-01-ELEC-202412,3,FUEL,Fuel & Power Purchase Cost Adjustment,kWh,94387,0.49,46249.63
IN-01-ELEC-202412,4,NETWORK,Transmission & Wheeling Charges,kWh,94387,0.31,29259.97
IN-01-WATE-202412,1,WATER,Water Consumption Charges,KL,2432,45.0,109440.0
IN-01-WATE-202412,2,SEWER,Sewerage Cess,KL,2432,13.5,32832.0
IN-01-WATE-202412,3,MSVC,Meter Rent & Service Charge,Meter,1,210.0,210.0
AU-01-ELEC-202412,1,ENERGY,Electricity usage,kWh,121401,0.198,24037.4
AU-01-ELEC-202412,2,DEMAND,Demand charge,kW,267.1,14.2,3792.82
AU-01-ELEC-202412,3,NETWORK,Network access charge,kWh,121401,0.0714,8668.03
AU-01-ELEC-202412,4,RENEW,Renewable energy scheme,kWh,121401,0.0093,1129.03
AU-01-WATE-202412,1,WATER,Water usage,kL,2801,3.42,9579.42
AU-01-WATE-202412,2,SEWER,Trade waste and sewerage,kL,2801,1.19,3333.19
AU-01-WATE-202412,3,MSVC,Service availability charge,Service,1,96.0,96.0
SG-01-ELEC-202501,1,ENERGY,Energy Charge,kWh,174939,0.285,49857.61
SG-01-ELEC-202501,2,DEMAND,Contracted Capacity Charge,kW,367.4,11.5,4225.1
SG-01-ELEC-202501,3,NETWORK,Grid Charge,kWh,174939,0.0521,9114.32
SG-01-ELEC-202501,4,FUEL,Fuel Cost Adjustment,kWh,174939,0.0187,3271.36
SG-01-ELEC-202501,5,RENEW,Renewable Energy Levy,kWh,174939,0.0042,734.74
SG-01-WATE-202501,1,WATER,Potable Water Tariff,Cu M,3577,2.74,9800.98
SG-01-WATE-202501,2,WBFEE,Waterborne Fee,Cu M,3577,0.92,3290.84
SG-01-WATE-202501,3,WCTAX,Water Conservation Tax,Cu M,3577,1.37,4900.49
SG-01-WATE-202501,4,SANIT,Sanitary Appliance Fee,Fitting,12,11.8,141.6
MY-01-ELEC-202501,1,ENERGY,Caj Tenaga / Energy Charge,kWj,137966,0.435,60015.21
MY-01-ELEC-202501,2,DEMAND,Caj Permintaan / Demand Charge,kW,331.1,32.0,10595.2
MY-01-ELEC-202501,3,FUEL,Pelarasan Kos Bahan Api / Fuel Adjustment,kWj,137966,0.027,3725.08
MY-01-ELEC-202501,4,RENEW,Kumpulan Wang Tenaga Boleh Baharu / RE Fund,kWj,137966,0.016,2207.46
MY-01-WATE-202501,1,WATER,Caj Air / Water Charge,m3,3138,2.28,7154.64
MY-01-WATE-202501,2,SEWER,Caj Pembetungan / Sewerage Charge,m3,3138,0.64,2008.32
MY-01-WATE-202501,3,MSVC,Caj Perkhidmatan Meter / Meter Service,Meter,1,24.0,24.0
IN-01-ELEC-202501,1,ENERGY,Energy Charges,kWh,96713,8.15,788210.95
IN-01-ELEC-202501,2,DEMAND,Demand Charges,kVA,251.5,385.0,96827.5
IN-01-ELEC-202501,3,FUEL,Fuel & Power Purchase Cost Adjustment,kWh,96713,0.49,47389.37
IN-01-ELEC-202501,4,NETWORK,Transmission & Wheeling Charges,kWh,96713,0.31,29981.03
IN-01-WATE-202501,1,WATER,Water Consumption Charges,KL,2363,45.0,106335.0
IN-01-WATE-202501,2,SEWER,Sewerage Cess,KL,2363,13.5,31900.5
IN-01-WATE-202501,3,MSVC,Meter Rent & Service Charge,Meter,1,210.0,210.0
AU-01-ELEC-202501,1,ENERGY,Electricity usage,kWh,131859,0.198,26108.08
AU-01-ELEC-202501,2,DEMAND,Demand charge,kW,290.1,14.2,4119.42
AU-01-ELEC-202501,3,NETWORK,Network access charge,kWh,131859,0.0714,9414.73
AU-01-ELEC-202501,4,RENEW,Renewable energy scheme,kWh,131859,0.0093,1226.29
AU-01-WATE-202501,1,WATER,Water usage,kL,2941,3.42,10058.22
AU-01-WATE-202501,2,SEWER,Trade waste and sewerage,kL,2941,1.19,3499.79
AU-01-WATE-202501,3,MSVC,Service availability charge,Service,1,96.0,96.0
SG-01-ELEC-202502,1,ENERGY,Energy Charge,kWh,158603,0.285,45201.85
SG-01-ELEC-202502,2,DEMAND,Contracted Capacity Charge,kW,333.1,11.5,3830.65
SG-01-ELEC-202502,3,NETWORK,Grid Charge,kWh,158603,0.0521,8263.22
SG-01-ELEC-202502,4,FUEL,Fuel Cost Adjustment,kWh,158603,0.0187,2965.88
SG-01-ELEC-202502,5,RENEW,Renewable Energy Levy,kWh,158603,0.0042,666.13
SG-01-WATE-202502,1,WATER,Potable Water Tariff,Cu M,3234,2.74,8861.16
SG-01-WATE-202502,2,WBFEE,Waterborne Fee,Cu M,3234,0.92,2975.28
SG-01-WATE-202502,3,WCTAX,Water Conservation Tax,Cu M,3234,1.37,4430.58
SG-01-WATE-202502,4,SANIT,Sanitary Appliance Fee,Fitting,12,11.8,141.6
MY-01-ELEC-202502,1,ENERGY,Caj Tenaga / Energy Charge,kWj,133873,0.435,58234.75
MY-01-ELEC-202502,2,DEMAND,Caj Permintaan / Demand Charge,kW,321.3,32.0,10281.6
MY-01-ELEC-202502,3,FUEL,Pelarasan Kos Bahan Api / Fuel Adjustment,kWj,133873,0.027,3614.57
MY-01-ELEC-202502,4,RENEW,Kumpulan Wang Tenaga Boleh Baharu / RE Fund,kWj,133873,0.016,2141.97
MY-01-WATE-202502,1,WATER,Caj Air / Water Charge,m3,2989,2.28,6814.92
MY-01-WATE-202502,2,SEWER,Caj Pembetungan / Sewerage Charge,m3,2989,0.64,1912.96
MY-01-WATE-202502,3,MSVC,Caj Perkhidmatan Meter / Meter Service,Meter,1,24.0,24.0
IN-01-ELEC-202502,1,ENERGY,Energy Charges,kWh,107086,8.15,872750.9
IN-01-ELEC-202502,2,DEMAND,Demand Charges,kVA,278.4,385.0,107184.0
IN-01-ELEC-202502,3,FUEL,Fuel & Power Purchase Cost Adjustment,kWh,107086,0.49,52472.14
IN-01-ELEC-202502,4,NETWORK,Transmission & Wheeling Charges,kWh,107086,0.31,33196.66
IN-01-WATE-202502,1,WATER,Water Consumption Charges,KL,2652,45.0,119340.0
IN-01-WATE-202502,2,SEWER,Sewerage Cess,KL,2652,13.5,35802.0
IN-01-WATE-202502,3,MSVC,Meter Rent & Service Charge,Meter,1,210.0,210.0
AU-01-ELEC-202502,1,ENERGY,Electricity usage,kWh,105502,0.198,20889.4
AU-01-ELEC-202502,2,DEMAND,Demand charge,kW,232.1,14.2,3295.82
AU-01-ELEC-202502,3,NETWORK,Network access charge,kWh,105502,0.0714,7532.84
AU-01-ELEC-202502,4,RENEW,Renewable energy scheme,kWh,105502,0.0093,981.17
AU-01-WATE-202502,1,WATER,Water usage,kL,2401,3.42,8211.42
AU-01-WATE-202502,2,SEWER,Trade waste and sewerage,kL,2401,1.19,2857.19
AU-01-WATE-202502,3,MSVC,Service availability charge,Service,1,96.0,96.0
SG-01-ELEC-202503,1,ENERGY,Energy Charge,kWh,156058,0.285,44476.53
SG-01-ELEC-202503,2,DEMAND,Contracted Capacity Charge,kW,327.7,11.5,3768.55
SG-01-ELEC-202503,3,NETWORK,Grid Charge,kWh,156058,0.0521,8130.62
SG-01-ELEC-202503,4,FUEL,Fuel Cost Adjustment,kWh,156058,0.0187,2918.28
SG-01-ELEC-202503,5,RENEW,Renewable Energy Levy,kWh,156058,0.0042,655.44
SG-01-WATE-202503,1,WATER,Potable Water Tariff,Cu M,3279,2.74,8984.46
SG-01-WATE-202503,2,WBFEE,Waterborne Fee,Cu M,3279,0.92,3016.68
SG-01-WATE-202503,3,WCTAX,Water Conservation Tax,Cu M,3279,1.37,4492.23
SG-01-WATE-202503,4,SANIT,Sanitary Appliance Fee,Fitting,12,11.8,141.6
MY-01-ELEC-202503,1,ENERGY,Caj Tenaga / Energy Charge,kWj,157479,0.435,68503.37
MY-01-ELEC-202503,2,DEMAND,Caj Permintaan / Demand Charge,kW,377.9,32.0,12092.8
MY-01-ELEC-202503,3,FUEL,Pelarasan Kos Bahan Api / Fuel Adjustment,kWj,157479,0.027,4251.93
MY-01-ELEC-202503,4,RENEW,Kumpulan Wang Tenaga Boleh Baharu / RE Fund,kWj,157479,0.016,2519.66
MY-01-WATE-202503,1,WATER,Caj Air / Water Charge,m3,3719,2.28,8479.32
MY-01-WATE-202503,2,SEWER,Caj Pembetungan / Sewerage Charge,m3,3719,0.64,2380.16
MY-01-WATE-202503,3,MSVC,Caj Perkhidmatan Meter / Meter Service,Meter,1,24.0,24.0
IN-01-ELEC-202503,1,ENERGY,Energy Charges,kWh,112310,8.15,915326.5
IN-01-ELEC-202503,2,DEMAND,Demand Charges,kVA,292.0,385.0,112420.0
IN-01-ELEC-202503,3,FUEL,Fuel & Power Purchase Cost Adjustment,kWh,112310,0.49,55031.9
IN-01-ELEC-202503,4,NETWORK,Transmission & Wheeling Charges,kWh,112310,0.31,34816.1
IN-01-WATE-202503,1,WATER,Water Consumption Charges,KL,2917,45.0,131265.0
IN-01-WATE-202503,2,SEWER,Sewerage Cess,KL,2917,13.5,39379.5
IN-01-WATE-202503,3,MSVC,Meter Rent & Service Charge,Meter,1,210.0,210.0
AU-01-ELEC-202503,1,ENERGY,Electricity usage,kWh,115608,0.198,22890.38
AU-01-ELEC-202503,2,DEMAND,Demand charge,kW,254.3,14.2,3611.06
AU-01-ELEC-202503,3,NETWORK,Network access charge,kWh,115608,0.0714,8254.41
AU-01-ELEC-202503,4,RENEW,Renewable energy scheme,kWh,115608,0.0093,1075.15
AU-01-WATE-202503,1,WATER,Water usage,kL,2763,3.42,9449.46
AU-01-WATE-202503,2,SEWER,Trade waste and sewerage,kL,2763,1.19,3287.97
AU-01-WATE-202503,3,MSVC,Service availability charge,Service,1,96.0,96.0
SG-01-ELEC-202504,1,ENERGY,Energy Charge,kWh,173836,0.285,49543.26
SG-01-ELEC-202504,2,DEMAND,Contracted Capacity Charge,kW,365.1,11.5,4198.65
SG-01-ELEC-202504,3,NETWORK,Grid Charge,kWh,173836,0.0521,9056.86
SG-01-ELEC-202504,4,FUEL,Fuel Cost Adjustment,kWh,173836,0.0187,3250.73
SG-01-ELEC-202504,5,RENEW,Renewable Energy Levy,kWh,173836,0.0042,730.11
SG-01-WATE-202504,1,WATER,Potable Water Tariff,Cu M,3573,2.74,9790.02
SG-01-WATE-202504,2,WBFEE,Waterborne Fee,Cu M,3573,0.92,3287.16
SG-01-WATE-202504,3,WCTAX,Water Conservation Tax,Cu M,3573,1.37,4895.01
SG-01-WATE-202504,4,SANIT,Sanitary Appliance Fee,Fitting,12,11.8,141.6
MY-01-ELEC-202504,1,ENERGY,Caj Tenaga / Energy Charge,kWj,152809,0.435,66471.91
MY-01-ELEC-202504,2,DEMAND,Caj Permintaan / Demand Charge,kW,366.7,32.0,11734.4
MY-01-ELEC-202504,3,FUEL,Pelarasan Kos Bahan Api / Fuel Adjustment,kWj,152809,0.027,4125.84
MY-01-ELEC-202504,4,RENEW,Kumpulan Wang Tenaga Boleh Baharu / RE Fund,kWj,152809,0.016,2444.94
MY-01-WATE-202504,1,WATER,Caj Air / Water Charge,m3,3612,2.28,8235.36
MY-01-WATE-202504,2,SEWER,Caj Pembetungan / Sewerage Charge,m3,3612,0.64,2311.68
MY-01-WATE-202504,3,MSVC,Caj Perkhidmatan Meter / Meter Service,Meter,1,24.0,24.0
IN-01-ELEC-202504,1,ENERGY,Energy Charges,kWh,114974,8.15,937038.1
IN-01-ELEC-202504,2,DEMAND,Demand Charges,kVA,298.9,385.0,115076.5
IN-01-ELEC-202504,3,FUEL,Fuel & Power Purchase Cost Adjustment,kWh,114974,0.49,56337.26
IN-01-ELEC-202504,4,NETWORK,Transmission & Wheeling Charges,kWh,114974,0.31,35641.94
IN-01-WATE-202504,1,WATER,Water Consumption Charges,KL,2899,45.0,130455.0
IN-01-WATE-202504,2,SEWER,Sewerage Cess,KL,2899,13.5,39136.5
IN-01-WATE-202504,3,MSVC,Meter Rent & Service Charge,Meter,1,210.0,210.0
AU-01-ELEC-202504,1,ENERGY,Electricity usage,kWh,139588,0.198,27638.42
AU-01-ELEC-202504,2,DEMAND,Demand charge,kW,307.1,14.2,4360.82
AU-01-ELEC-202504,3,NETWORK,Network access charge,kWh,139588,0.0714,9966.58
AU-01-ELEC-202504,4,RENEW,Renewable energy scheme,kWh,139588,0.0093,1298.17
AU-01-WATE-202504,1,WATER,Water usage,kL,3053,3.42,10441.26
AU-01-WATE-202504,2,SEWER,Trade waste and sewerage,kL,3053,1.19,3633.07
AU-01-WATE-202504,3,MSVC,Service availability charge,Service,1,96.0,96.0
SG-01-ELEC-202505,1,ENERGY,Energy Charge,kWh,179193,0.285,51070.0
SG-01-ELEC-202505,2,DEMAND,Contracted Capacity Charge,kW,376.3,11.5,4327.45
SG-01-ELEC-202505,3,NETWORK,Grid Charge,kWh,179193,0.0521,9335.96
SG-01-ELEC-202505,4,FUEL,Fuel Cost Adjustment,kWh,179193,0.0187,3350.91
SG-01-ELEC-202505,5,RENEW,Renewable Energy Levy,kWh,179193,0.0042,752.61
SG-01-WATE-202505,1,WATER,Potable Water Tariff,Cu M,3486,2.74,9551.64
SG-01-WATE-202505,2,WBFEE,Waterborne Fee,Cu M,3486,0.92,3207.12
SG-01-WATE-202505,3,WCTAX,Water Conservation Tax,Cu M,3486,1.37,4775.82
SG-01-WATE-202505,4,SANIT,Sanitary Appliance Fee,Fitting,12,11.8,141.6
MY-01-ELEC-202505,1,ENERGY,Caj Tenaga / Energy Charge,kWj,158303,0.435,68861.8
MY-01-ELEC-202505,2,DEMAND,Caj Permintaan / Demand Charge,kW,379.9,32.0,12156.8
MY-01-ELEC-202505,3,FUEL,Pelarasan Kos Bahan Api / Fuel Adjustment,kWj,158303,0.027,4274.18
MY-01-ELEC-202505,4,RENEW,Kumpulan Wang Tenaga Boleh Baharu / RE Fund,kWj,158303,0.016,2532.85
MY-01-WATE-202505,1,WATER,Caj Air / Water Charge,m3,3576,2.28,8153.28
MY-01-WATE-202505,2,SEWER,Caj Pembetungan / Sewerage Charge,m3,3576,0.64,2288.64
MY-01-WATE-202505,3,MSVC,Caj Perkhidmatan Meter / Meter Service,Meter,1,24.0,24.0
IN-01-ELEC-202505,1,ENERGY,Energy Charges,kWh,112714,8.15,918619.1
IN-01-ELEC-202505,2,DEMAND,Demand Charges,kVA,293.1,385.0,112843.5
IN-01-ELEC-202505,3,FUEL,Fuel & Power Purchase Cost Adjustment,kWh,112714,0.49,55229.86
IN-01-ELEC-202505,4,NETWORK,Transmission & Wheeling Charges,kWh,112714,0.31,34941.34
IN-01-WATE-202505,1,WATER,Water Consumption Charges,KL,2822,45.0,126990.0
IN-01-WATE-202505,2,SEWER,Sewerage Cess,KL,2822,13.5,38097.0
IN-01-WATE-202505,3,MSVC,Meter Rent & Service Charge,Meter,1,210.0,210.0
AU-01-ELEC-202505,1,ENERGY,Electricity usage,kWh,153224,0.198,30338.35
AU-01-ELEC-202505,2,DEMAND,Demand charge,kW,337.1,14.2,4786.82
AU-01-ELEC-202505,3,NETWORK,Network access charge,kWh,153224,0.0714,10940.19
AU-01-ELEC-202505,4,RENEW,Renewable energy scheme,kWh,153224,0.0093,1424.98
AU-01-WATE-202505,1,WATER,Water usage,kL,3415,3.42,11679.3
AU-01-WATE-202505,2,SEWER,Trade waste and sewerage,kL,3415,1.19,4063.85
AU-01-WATE-202505,3,MSVC,Service availability charge,Service,1,96.0,96.0
SG-01-ELEC-202506,1,ENERGY,Energy Charge,kWh,178697,0.285,50928.64
SG-01-ELEC-202506,2,DEMAND,Contracted Capacity Charge,kW,375.3,11.5,4315.95
SG-01-ELEC-202506,3,NETWORK,Grid Charge,kWh,178697,0.0521,9310.11
SG-01-ELEC-202506,4,FUEL,Fuel Cost Adjustment,kWh,178697,0.0187,3341.63
SG-01-ELEC-202506,5,RENEW,Renewable Energy Levy,kWh,178697,0.0042,750.53
SG-01-WATE-202506,1,WATER,Potable Water Tariff,Cu M,3537,2.74,9691.38
SG-01-WATE-202506,2,WBFEE,Waterborne Fee,Cu M,3537,0.92,3254.04
SG-01-WATE-202506,3,WCTAX,Water Conservation Tax,Cu M,3537,1.37,4845.69
SG-01-WATE-202506,4,SANIT,Sanitary Appliance Fee,Fitting,12,11.8,141.6
MY-01-ELEC-202506,1,ENERGY,Caj Tenaga / Energy Charge,kWj,149861,0.435,65189.53
MY-01-ELEC-202506,2,DEMAND,Caj Permintaan / Demand Charge,kW,359.7,32.0,11510.4
MY-01-ELEC-202506,3,FUEL,Pelarasan Kos Bahan Api / Fuel Adjustment,kWj,149861,0.027,4046.25
MY-01-ELEC-202506,4,RENEW,Kumpulan Wang Tenaga Boleh Baharu / RE Fund,kWj,149861,0.016,2397.78
MY-01-WATE-202506,1,WATER,Caj Air / Water Charge,m3,3334,2.28,7601.52
MY-01-WATE-202506,2,SEWER,Caj Pembetungan / Sewerage Charge,m3,3334,0.64,2133.76
MY-01-WATE-202506,3,MSVC,Caj Perkhidmatan Meter / Meter Service,Meter,1,24.0,24.0
IN-01-ELEC-202506,1,ENERGY,Energy Charges,kWh,120831,8.15,984772.65
IN-01-ELEC-202506,2,DEMAND,Demand Charges,kVA,314.2,385.0,120967.0
IN-01-ELEC-202506,3,FUEL,Fuel & Power Purchase Cost Adjustment,kWh,120831,0.49,59207.19
IN-01-ELEC-202506,4,NETWORK,Transmission & Wheeling Charges,kWh,120831,0.31,37457.61
IN-01-WATE-202506,1,WATER,Water Consumption Charges,KL,3065,45.0,137925.0
IN-01-WATE-202506,2,SEWER,Sewerage Cess,KL,3065,13.5,41377.5
IN-01-WATE-202506,3,MSVC,Meter Rent & Service Charge,Meter,1,210.0,210.0
AU-01-ELEC-202506,1,ENERGY,Electricity usage,kWh,141978,0.198,28111.64
AU-01-ELEC-202506,2,DEMAND,Demand charge,kW,312.4,14.2,4436.08
AU-01-ELEC-202506,3,NETWORK,Network access charge,kWh,141978,0.0714,10137.23
AU-01-ELEC-202506,4,RENEW,Renewable energy scheme,kWh,141978,0.0093,1320.4
AU-01-WATE-202506,1,WATER,Water usage,kL,3266,3.42,11169.72
AU-01-WATE-202506,2,SEWER,Trade waste and sewerage,kL,3266,1.19,3886.54
AU-01-WATE-202506,3,MSVC,Service availability charge,Service,1,96.0,96.0
SG-01-ELEC-202507,1,ENERGY,Energy Charge,kWh,195846,0.285,55816.11
SG-01-ELEC-202507,2,DEMAND,Contracted Capacity Charge,kW,411.3,11.5,4729.95
SG-01-ELEC-202507,3,NETWORK,Grid Charge,kWh,195846,0.0521,10203.58
SG-01-ELEC-202507,4,FUEL,Fuel Cost Adjustment,kWh,195846,0.0187,3662.32
SG-01-ELEC-202507,5,RENEW,Renewable Energy Levy,kWh,195846,0.0042,822.55
SG-01-WATE-202507,1,WATER,Potable Water Tariff,Cu M,3948,2.74,10817.52
SG-01-WATE-202507,2,WBFEE,Waterborne Fee,Cu M,3948,0.92,3632.16
SG-01-WATE-202507,3,WCTAX,Water Conservation Tax,Cu M,3948,1.37,5408.76
SG-01-WATE-202507,4,SANIT,Sanitary Appliance Fee,Fitting,12,11.8,141.6
MY-01-ELEC-202507,1,ENERGY,Caj Tenaga / Energy Charge,kWj,147406,0.435,64121.61
MY-01-ELEC-202507,2,DEMAND,Caj Permintaan / Demand Charge,kW,353.8,32.0,11321.6
MY-01-ELEC-202507,3,FUEL,Pelarasan Kos Bahan Api / Fuel Adjustment,kWj,147406,0.027,3979.96
MY-01-ELEC-202507,4,RENEW,Kumpulan Wang Tenaga Boleh Baharu / RE Fund,kWj,147406,0.016,2358.5
MY-01-WATE-202507,1,WATER,Caj Air / Water Charge,m3,3324,2.28,7578.72
MY-01-WATE-202507,2,SEWER,Caj Pembetungan / Sewerage Charge,m3,3324,0.64,2127.36
MY-01-WATE-202507,3,MSVC,Caj Perkhidmatan Meter / Meter Service,Meter,1,24.0,24.0
IN-01-ELEC-202507,1,ENERGY,Energy Charges,kWh,110031,8.15,896752.65
IN-01-ELEC-202507,2,DEMAND,Demand Charges,kVA,286.1,385.0,110148.5
IN-01-ELEC-202507,3,FUEL,Fuel & Power Purchase Cost Adjustment,kWh,110031,0.49,53915.19
IN-01-ELEC-202507,4,NETWORK,Transmission & Wheeling Charges,kWh,110031,0.31,34109.61
IN-01-WATE-202507,1,WATER,Water Consumption Charges,KL,2651,45.0,119295.0
IN-01-WATE-202507,2,SEWER,Sewerage Cess,KL,2651,13.5,35788.5
IN-01-WATE-202507,3,MSVC,Meter Rent & Service Charge,Meter,1,210.0,210.0
AU-01-ELEC-202507,1,ENERGY,Electricity usage,kWh,147472,0.198,29199.46
AU-01-ELEC-202507,2,DEMAND,Demand charge,kW,324.4,14.2,4606.48
AU-01-ELEC-202507,3,NETWORK,Network access charge,kWh,147472,0.0714,10529.5
AU-01-ELEC-202507,4,RENEW,Renewable energy scheme,kWh,147472,0.0093,1371.49
AU-01-WATE-202507,1,WATER,Water usage,kL,3167,3.42,10831.14
AU-01-WATE-202507,2,SEWER,Trade waste and sewerage,kL,3167,1.19,3768.73
AU-01-WATE-202507,3,MSVC,Service availability charge,Service,1,96.0,96.0
SG-01-ELEC-202508,1,ENERGY,Energy Charge,kWh,175221,0.285,49937.98
SG-01-ELEC-202508,2,DEMAND,Contracted Capacity Charge,kW,368.0,11.5,4232.0
SG-01-ELEC-202508,3,NETWORK,Grid Charge,kWh,175221,0.0521,9129.01
SG-01-ELEC-202508,4,FUEL,Fuel Cost Adjustment,kWh,175221,0.0187,3276.63
SG-01-ELEC-202508,5,RENEW,Renewable Energy Levy,kWh,175221,0.0042,735.93
SG-01-WATE-202508,1,WATER,Potable Water Tariff,Cu M,3313,2.74,9077.62
SG-01-WATE-202508,2,WBFEE,Waterborne Fee,Cu M,3313,0.92,3047.96
SG-01-WATE-202508,3,WCTAX,Water Conservation Tax,Cu M,3313,1.37,4538.81
SG-01-WATE-202508,4,SANIT,Sanitary Appliance Fee,Fitting,12,11.8,141.6
MY-01-ELEC-202508,1,ENERGY,Caj Tenaga / Energy Charge,kWj,148319,0.435,64518.76
MY-01-ELEC-202508,2,DEMAND,Caj Permintaan / Demand Charge,kW,356.0,32.0,11392.0
MY-01-ELEC-202508,3,FUEL,Pelarasan Kos Bahan Api / Fuel Adjustment,kWj,148319,0.027,4004.61
MY-01-ELEC-202508,4,RENEW,Kumpulan Wang Tenaga Boleh Baharu / RE Fund,kWj,148319,0.016,2373.1
MY-01-WATE-202508,1,WATER,Caj Air / Water Charge,m3,3394,2.28,7738.32
MY-01-WATE-202508,2,SEWER,Caj Pembetungan / Sewerage Charge,m3,3394,0.64,2172.16
MY-01-WATE-202508,3,MSVC,Caj Perkhidmatan Meter / Meter Service,Meter,1,24.0,24.0
IN-01-ELEC-202508,1,ENERGY,Energy Charges,kWh,97337,8.15,793296.55
IN-01-ELEC-202508,2,DEMAND,Demand Charges,kVA,253.1,385.0,97443.5
IN-01-ELEC-202508,3,FUEL,Fuel & Power Purchase Cost Adjustment,kWh,97337,0.49,47695.13
IN-01-ELEC-202508,4,NETWORK,Transmission & Wheeling Charges,kWh,97337,0.31,30174.47
IN-01-WATE-202508,1,WATER,Water Consumption Charges,KL,2363,45.0,106335.0
IN-01-WATE-202508,2,SEWER,Sewerage Cess,KL,2363,13.5,31900.5
IN-01-WATE-202508,3,MSVC,Meter Rent & Service Charge,Meter,1,210.0,210.0
AU-01-ELEC-202508,1,ENERGY,Electricity usage,kWh,168580,0.198,33378.84
AU-01-ELEC-202508,2,DEMAND,Demand charge,kW,370.9,14.2,5266.78
AU-01-ELEC-202508,3,NETWORK,Network access charge,kWh,168580,0.0714,12036.61
AU-01-ELEC-202508,4,RENEW,Renewable energy scheme,kWh,168580,0.0093,1567.79
AU-01-WATE-202508,1,WATER,Water usage,kL,3638,3.42,12441.96
AU-01-WATE-202508,2,SEWER,Trade waste and sewerage,kL,3638,1.19,4329.22
AU-01-WATE-202508,3,MSVC,Service availability charge,Service,1,96.0,96.0
SG-01-ELEC-202509,1,ENERGY,Energy Charge,kWh,171153,0.285,48778.6
SG-01-ELEC-202509,2,DEMAND,Contracted Capacity Charge,kW,359.4,11.5,4133.1
SG-01-ELEC-202509,3,NETWORK,Grid Charge,kWh,171153,0.0521,8917.07
SG-01-ELEC-202509,4,FUEL,Fuel Cost Adjustment,kWh,171153,0.0187,3200.56
SG-01-ELEC-202509,5,RENEW,Renewable Energy Levy,kWh,171153,0.0042,718.84
SG-01-WATE-202509,1,WATER,Potable Water Tariff,Cu M,3401,2.74,9318.74
SG-01-WATE-202509,2,WBFEE,Waterborne Fee,Cu M,3401,0.92,3128.92
SG-01-WATE-202509,3,WCTAX,Water Conservation Tax,Cu M,3401,1.37,4659.37
SG-01-WATE-202509,4,SANIT,Sanitary Appliance Fee,Fitting,12,11.8,141.6
MY-01-ELEC-202509,1,ENERGY,Caj Tenaga / Energy Charge,kWj,138324,0.435,60170.94
MY-01-ELEC-202509,2,DEMAND,Caj Permintaan / Demand Charge,kW,332.0,32.0,10624.0
MY-01-ELEC-202509,3,FUEL,Pelarasan Kos Bahan Api / Fuel Adjustment,kWj,138324,0.027,3734.75
MY-01-ELEC-202509,4,RENEW,Kumpulan Wang Tenaga Boleh Baharu / RE Fund,kWj,138324,0.016,2213.18
MY-01-WATE-202509,1,WATER,Caj Air / Water Charge,m3,3011,2.28,6865.08
MY-01-WATE-202509,2,SEWER,Caj Pembetungan / Sewerage Charge,m3,3011,0.64,1927.04
MY-01-WATE-202509,3,MSVC,Caj Perkhidmatan Meter / Meter Service,Meter,1,24.0,24.0
IN-01-ELEC-202509,1,ENERGY,Energy Charges,kWh,110029,8.15,896736.35
IN-01-ELEC-202509,2,DEMAND,Demand Charges,kVA,286.1,385.0,110148.5
IN-01-ELEC-202509,3,FUEL,Fuel & Power Purchase Cost Adjustment,kWh,110029,0.49,53914.21
IN-01-ELEC-202509,4,NETWORK,Transmission & Wheeling Charges,kWh,110029,0.31,34108.99
IN-01-WATE-202509,1,WATER,Water Consumption Charges,KL,2696,45.0,121320.0
IN-01-WATE-202509,2,SEWER,Sewerage Cess,KL,2696,13.5,36396.0
IN-01-WATE-202509,3,MSVC,Meter Rent & Service Charge,Meter,1,210.0,210.0
AU-01-ELEC-202509,1,ENERGY,Electricity usage,kWh,155135,0.198,30716.73
AU-01-ELEC-202509,2,DEMAND,Demand charge,kW,341.3,14.2,4846.46
AU-01-ELEC-202509,3,NETWORK,Network access charge,kWh,155135,0.0714,11076.64
AU-01-ELEC-202509,4,RENEW,Renewable energy scheme,kWh,155135,0.0093,1442.76
AU-01-WATE-202509,1,WATER,Water usage,kL,3307,3.42,11309.94
AU-01-WATE-202509,2,SEWER,Trade waste and sewerage,kL,3307,1.19,3935.33
AU-01-WATE-202509,3,MSVC,Service availability charge,Service,1,96.0,96.0
SG-01-ELEC-202510,1,ENERGY,Energy Charge,kWh,166651,0.285,47495.53
SG-01-ELEC-202510,2,DEMAND,Contracted Capacity Charge,kW,350.0,11.5,4025.0
SG-01-ELEC-202510,3,NETWORK,Grid Charge,kWh,166651,0.0521,8682.52
SG-01-ELEC-202510,4,FUEL,Fuel Cost Adjustment,kWh,166651,0.0187,3116.37
SG-01-ELEC-202510,5,RENEW,Renewable Energy Levy,kWh,166651,0.0042,699.93
SG-01-WATE-202510,1,WATER,Potable Water Tariff,Cu M,3400,2.74,9316.0
SG-01-WATE-202510,2,WBFEE,Waterborne Fee,Cu M,3400,0.92,3128.0
SG-01-WATE-202510,3,WCTAX,Water Conservation Tax,Cu M,3400,1.37,4658.0
SG-01-WATE-202510,4,SANIT,Sanitary Appliance Fee,Fitting,12,11.8,141.6
MY-01-ELEC-202510,1,ENERGY,Caj Tenaga / Energy Charge,kWj,148551,0.435,64619.68
MY-01-ELEC-202510,2,DEMAND,Caj Permintaan / Demand Charge,kW,356.5,32.0,11408.0
MY-01-ELEC-202510,3,FUEL,Pelarasan Kos Bahan Api / Fuel Adjustment,kWj,148551,0.027,4010.88
MY-01-ELEC-202510,4,RENEW,Kumpulan Wang Tenaga Boleh Baharu / RE Fund,kWj,148551,0.016,2376.82
MY-01-WATE-202510,1,WATER,Caj Air / Water Charge,m3,3317,2.28,7562.76
MY-01-WATE-202510,2,SEWER,Caj Pembetungan / Sewerage Charge,m3,3317,0.64,2122.88
MY-01-WATE-202510,3,MSVC,Caj Perkhidmatan Meter / Meter Service,Meter,1,24.0,24.0
IN-01-ELEC-202510,1,ENERGY,Energy Charges,kWh,104354,8.15,850485.1
IN-01-ELEC-202510,2,DEMAND,Demand Charges,kVA,271.3,385.0,104450.5
IN-01-ELEC-202510,3,FUEL,Fuel & Power Purchase Cost Adjustment,kWh,104354,0.49,51133.46
IN-01-ELEC-202510,4,NETWORK,Transmission & Wheeling Charges,kWh,104354,0.31,32349.74
IN-01-WATE-202510,1,WATER,Water Consumption Charges,KL,2540,45.0,114300.0
IN-01-WATE-202510,2,SEWER,Sewerage Cess,KL,2540,13.5,34290.0
IN-01-WATE-202510,3,MSVC,Meter Rent & Service Charge,Meter,1,210.0,210.0
AU-01-ELEC-202510,1,ENERGY,Electricity usage,kWh,133758,0.198,26484.08
AU-01-ELEC-202510,2,DEMAND,Demand charge,kW,294.3,14.2,4179.06
AU-01-ELEC-202510,3,NETWORK,Network access charge,kWh,133758,0.0714,9550.32
AU-01-ELEC-202510,4,RENEW,Renewable energy scheme,kWh,133758,0.0093,1243.95
AU-01-WATE-202510,1,WATER,Water usage,kL,2877,3.42,9839.34
AU-01-WATE-202510,2,SEWER,Trade waste and sewerage,kL,2877,1.19,3423.63
AU-01-WATE-202510,3,MSVC,Service availability charge,Service,1,96.0,96.0
SG-01-ELEC-202511,1,ENERGY,Energy Charge,kWh,167002,0.285,47595.57
SG-01-ELEC-202511,2,DEMAND,Contracted Capacity Charge,kW,350.7,11.5,4033.05
SG-01-ELEC-202511,3,NETWORK,Grid Charge,kWh,167002,0.0521,8700.8
SG-01-ELEC-202511,4,FUEL,Fuel Cost Adjustment,kWh,167002,0.0187,3122.94
SG-01-ELEC-202511,5,RENEW,Renewable Energy Levy,kWh,167002,0.0042,701.41
SG-01-WATE-202511,1,WATER,Potable Water Tariff,Cu M,3201,2.74,8770.74
SG-01-WATE-202511,2,WBFEE,Waterborne Fee,Cu M,3201,0.92,2944.92
SG-01-WATE-202511,3,WCTAX,Water Conservation Tax,Cu M,3201,1.37,4385.37
SG-01-WATE-202511,4,SANIT,Sanitary Appliance Fee,Fitting,12,11.8,141.6
MY-01-ELEC-202511,1,ENERGY,Caj Tenaga / Energy Charge,kWj,140456,0.435,61098.36
MY-01-ELEC-202511,2,DEMAND,Caj Permintaan / Demand Charge,kW,337.1,32.0,10787.2
MY-01-ELEC-202511,3,FUEL,Pelarasan Kos Bahan Api / Fuel Adjustment,kWj,140456,0.027,3792.31
MY-01-ELEC-202511,4,RENEW,Kumpulan Wang Tenaga Boleh Baharu / RE Fund,kWj,140456,0.016,2247.3
MY-01-WATE-202511,1,WATER,Caj Air / Water Charge,m3,3137,2.28,7152.36
MY-01-WATE-202511,2,SEWER,Caj Pembetungan / Sewerage Charge,m3,3137,0.64,2007.68
MY-01-WATE-202511,3,MSVC,Caj Perkhidmatan Meter / Meter Service,Meter,1,24.0,24.0
IN-01-ELEC-202511,1,ENERGY,Energy Charges,kWh,99176,8.15,808284.4
IN-01-ELEC-202511,2,DEMAND,Demand Charges,kVA,257.9,385.0,99291.5
IN-01-ELEC-202511,3,FUEL,Fuel & Power Purchase Cost Adjustment,kWh,99176,0.49,48596.24
IN-01-ELEC-202511,4,NETWORK,Transmission & Wheeling Charges,kWh,99176,0.31,30744.56
IN-01-WATE-202511,1,WATER,Water Consumption Charges,KL,2402,45.0,108090.0
IN-01-WATE-202511,2,SEWER,Sewerage Cess,KL,2402,13.5,32427.0
IN-01-WATE-202511,3,MSVC,Meter Rent & Service Charge,Meter,1,210.0,210.0
AU-01-ELEC-202511,1,ENERGY,Electricity usage,kWh,129498,0.198,25640.6
AU-01-ELEC-202511,2,DEMAND,Demand charge,kW,284.9,14.2,4045.58
AU-01-ELEC-202511,3,NETWORK,Network access charge,kWh,129498,0.0714,9246.16
AU-01-ELEC-202511,4,RENEW,Renewable energy scheme,kWh,129498,0.0093,1204.33
AU-01-WATE-202511,1,WATER,Water usage,kL,2974,3.42,10171.08
AU-01-WATE-202511,2,SEWER,Trade waste and sewerage,kL,2974,1.19,3539.06
AU-01-WATE-202511,3,MSVC,Service availability charge,Service,1,96.0,96.0
SG-01-ELEC-202512,1,ENERGY,Energy Charge,kWh,181641,0.285,51767.68
SG-01-ELEC-202512,2,DEMAND,Contracted Capacity Charge,kW,381.4,11.5,4386.1
SG-01-ELEC-202512,3,NETWORK,Grid Charge,kWh,181641,0.0521,9463.5
SG-01-ELEC-202512,4,FUEL,Fuel Cost Adjustment,kWh,181641,0.0187,3396.69
SG-01-ELEC-202512,5,RENEW,Renewable Energy Levy,kWh,181641,0.0042,762.89
SG-01-WATE-202512,1,WATER,Potable Water Tariff,Cu M,3500,2.74,9590.0
SG-01-WATE-202512,2,WBFEE,Waterborne Fee,Cu M,3500,0.92,3220.0
SG-01-WATE-202512,3,WCTAX,Water Conservation Tax,Cu M,3500,1.37,4795.0
SG-01-WATE-202512,4,SANIT,Sanitary Appliance Fee,Fitting,12,11.8,141.6
MY-01-ELEC-202512,1,ENERGY,Caj Tenaga / Energy Charge,kWj,139486,0.435,60676.41
MY-01-ELEC-202512,2,DEMAND,Caj Permintaan / Demand Charge,kW,334.8,32.0,10713.6
MY-01-ELEC-202512,3,FUEL,Pelarasan Kos Bahan Api / Fuel Adjustment,kWj,139486,0.027,3766.12
MY-01-ELEC-202512,4,RENEW,Kumpulan Wang Tenaga Boleh Baharu / RE Fund,kWj,139486,0.016,2231.78
MY-01-WATE-202512,1,WATER,Caj Air / Water Charge,m3,3310,2.28,7546.8
MY-01-WATE-202512,2,SEWER,Caj Pembetungan / Sewerage Charge,m3,3310,0.64,2118.4
MY-01-WATE-202512,3,MSVC,Caj Perkhidmatan Meter / Meter Service,Meter,1,24.0,24.0
IN-01-ELEC-202512,1,ENERGY,Energy Charges,kWh,103721,8.15,845326.15
IN-01-ELEC-202512,2,DEMAND,Demand Charges,kVA,269.7,385.0,103834.5
IN-01-ELEC-202512,3,FUEL,Fuel & Power Purchase Cost Adjustment,kWh,103721,0.49,50823.29
IN-01-ELEC-202512,4,NETWORK,Transmission & Wheeling Charges,kWh,103721,0.31,32153.51
IN-01-WATE-202512,1,WATER,Water Consumption Charges,KL,2525,45.0,113625.0
IN-01-WATE-202512,2,SEWER,Sewerage Cess,KL,2525,13.5,34087.5
IN-01-WATE-202512,3,MSVC,Meter Rent & Service Charge,Meter,1,210.0,210.0
AU-01-ELEC-202512,1,ENERGY,Electricity usage,kWh,107226,0.198,21230.75
AU-01-ELEC-202512,2,DEMAND,Demand charge,kW,235.9,14.2,3349.78
AU-01-ELEC-202512,3,NETWORK,Network access charge,kWh,107226,0.0714,7655.94
AU-01-ELEC-202512,4,RENEW,Renewable energy scheme,kWh,107226,0.0093,997.2
AU-01-WATE-202512,1,WATER,Water usage,kL,2369,3.42,8101.98
AU-01-WATE-202512,2,SEWER,Trade waste and sewerage,kL,2369,1.19,2819.11
AU-01-WATE-202512,3,MSVC,Service availability charge,Service,1,96.0,96.0
SG-01-ELEC-202601,1,ENERGY,Energy Charge,kWh,174666,0.285,49779.81
SG-01-ELEC-202601,2,DEMAND,Contracted Capacity Charge,kW,366.8,11.5,4218.2
SG-01-ELEC-202601,3,NETWORK,Grid Charge,kWh,174666,0.0521,9100.1
SG-01-ELEC-202601,4,FUEL,Fuel Cost Adjustment,kWh,174666,0.0187,3266.25
SG-01-ELEC-202601,5,RENEW,Renewable Energy Levy,kWh,174666,0.0042,733.6
SG-01-WATE-202601,1,WATER,Potable Water Tariff,Cu M,3574,2.74,9792.76
SG-01-WATE-202601,2,WBFEE,Waterborne Fee,Cu M,3574,0.92,3288.08
SG-01-WATE-202601,3,WCTAX,Water Conservation Tax,Cu M,3574,1.37,4896.38
SG-01-WATE-202601,4,SANIT,Sanitary Appliance Fee,Fitting,12,11.8,141.6
MY-01-ELEC-202601,1,ENERGY,Caj Tenaga / Energy Charge,kWj,145157,0.435,63143.29
MY-01-ELEC-202601,2,DEMAND,Caj Permintaan / Demand Charge,kW,348.4,32.0,11148.8
MY-01-ELEC-202601,3,FUEL,Pelarasan Kos Bahan Api / Fuel Adjustment,kWj,145157,0.027,3919.24
MY-01-ELEC-202601,4,RENEW,Kumpulan Wang Tenaga Boleh Baharu / RE Fund,kWj,145157,0.016,2322.51
MY-01-WATE-202601,1,WATER,Caj Air / Water Charge,m3,3153,2.28,7188.84
MY-01-WATE-202601,2,SEWER,Caj Pembetungan / Sewerage Charge,m3,3153,0.64,2017.92
MY-01-WATE-202601,3,MSVC,Caj Perkhidmatan Meter / Meter Service,Meter,1,24.0,24.0
IN-01-ELEC-202601,1,ENERGY,Energy Charges,kWh,102515,8.15,835497.25
IN-01-ELEC-202601,2,DEMAND,Demand Charges,kVA,266.5,385.0,102602.5
IN-01-ELEC-202601,3,FUEL,Fuel & Power Purchase Cost Adjustment,kWh,102515,0.49,50232.35
IN-01-ELEC-202601,4,NETWORK,Transmission & Wheeling Charges,kWh,102515,0.31,31779.65
IN-01-WATE-202601,1,WATER,Water Consumption Charges,KL,2473,45.0,111285.0
IN-01-WATE-202601,2,SEWER,Sewerage Cess,KL,2473,13.5,33385.5
IN-01-WATE-202601,3,MSVC,Meter Rent & Service Charge,Meter,1,210.0,210.0
AU-01-ELEC-202601,1,ENERGY,Electricity usage,kWh,114734,0.198,22717.33
AU-01-ELEC-202601,2,DEMAND,Demand charge,kW,252.4,14.2,3584.08
AU-01-ELEC-202601,3,NETWORK,Network access charge,kWh,114734,0.0714,8192.01
AU-01-ELEC-202601,4,RENEW,Renewable energy scheme,kWh,114734,0.0093,1067.03
AU-01-WATE-202601,1,WATER,Water usage,kL,2445,3.42,8361.9
AU-01-WATE-202601,2,SEWER,Trade waste and sewerage,kL,2445,1.19,2909.55
AU-01-WATE-202601,3,MSVC,Service availability charge,Service,1,96.0,96.0
SG-01-ELEC-202602,1,ENERGY,Energy Charge,kWh,152570,0.285,43482.45
SG-01-ELEC-202602,2,DEMAND,Contracted Capacity Charge,kW,320.4,11.5,3684.6
SG-01-ELEC-202602,3,NETWORK,Grid Charge,kWh,152570,0.0521,7948.9
SG-01-ELEC-202602,4,FUEL,Fuel Cost Adjustment,kWh,152570,0.0187,2853.06
SG-01-ELEC-202602,5,RENEW,Renewable Energy Levy,kWh,152570,0.0042,640.79
SG-01-WATE-202602,1,WATER,Potable Water Tariff,Cu M,3198,2.74,8762.52
SG-01-WATE-202602,2,WBFEE,Waterborne Fee,Cu M,3198,0.92,2942.16
SG-01-WATE-202602,3,WCTAX,Water Conservation Tax,Cu M,3198,1.37,4381.26
SG-01-WATE-202602,4,SANIT,Sanitary Appliance Fee,Fitting,12,11.8,141.6
MY-01-ELEC-202602,1,ENERGY,Caj Tenaga / Energy Charge,kWj,141425,0.435,61519.88
MY-01-ELEC-202602,2,DEMAND,Caj Permintaan / Demand Charge,kW,339.4,32.0,10860.8
MY-01-ELEC-202602,3,FUEL,Pelarasan Kos Bahan Api / Fuel Adjustment,kWj,141425,0.027,3818.47
MY-01-ELEC-202602,4,RENEW,Kumpulan Wang Tenaga Boleh Baharu / RE Fund,kWj,141425,0.016,2262.8
MY-01-WATE-202602,1,WATER,Caj Air / Water Charge,m3,3082,2.28,7026.96
MY-01-WATE-202602,2,SEWER,Caj Pembetungan / Sewerage Charge,m3,3082,0.64,1972.48
MY-01-WATE-202602,3,MSVC,Caj Perkhidmatan Meter / Meter Service,Meter,1,24.0,24.0
IN-01-ELEC-202602,1,ENERGY,Energy Charges,kWh,106959,8.15,871715.85
IN-01-ELEC-202602,2,DEMAND,Demand Charges,kVA,278.1,385.0,107068.5
IN-01-ELEC-202602,3,FUEL,Fuel & Power Purchase Cost Adjustment,kWh,106959,0.49,52409.91
IN-01-ELEC-202602,4,NETWORK,Transmission & Wheeling Charges,kWh,106959,0.31,33157.29
IN-01-WATE-202602,1,WATER,Water Consumption Charges,KL,2714,45.0,122130.0
IN-01-WATE-202602,2,SEWER,Sewerage Cess,KL,2714,13.5,36639.0
IN-01-WATE-202602,3,MSVC,Meter Rent & Service Charge,Meter,1,210.0,210.0
AU-01-ELEC-202602,1,ENERGY,Electricity usage,kWh,115152,0.198,22800.1
AU-01-ELEC-202602,2,DEMAND,Demand charge,kW,253.3,14.2,3596.86
AU-01-ELEC-202602,3,NETWORK,Network access charge,kWh,115152,0.0714,8221.85
AU-01-ELEC-202602,4,RENEW,Renewable energy scheme,kWh,115152,0.0093,1070.91
AU-01-WATE-202602,1,WATER,Water usage,kL,2564,3.42,8768.88
AU-01-WATE-202602,2,SEWER,Trade waste and sewerage,kL,2564,1.19,3051.16
AU-01-WATE-202602,3,MSVC,Service availability charge,Service,1,96.0,96.0
SG-01-ELEC-202603,1,ENERGY,Energy Charge,kWh,153392,0.285,43716.72
SG-01-ELEC-202603,2,DEMAND,Contracted Capacity Charge,kW,322.1,11.5,3704.15
SG-01-ELEC-202603,3,NETWORK,Grid Charge,kWh,153392,0.0521,7991.72
SG-01-ELEC-202603,4,FUEL,Fuel Cost Adjustment,kWh,153392,0.0187,2868.43
SG-01-ELEC-202603,5,RENEW,Renewable Energy Levy,kWh,153392,0.0042,644.25
SG-01-WATE-202603,1,WATER,Potable Water Tariff,Cu M,3171,2.74,8688.54
SG-01-WATE-202603,2,WBFEE,Waterborne Fee,Cu M,3171,0.92,2917.32
SG-01-WATE-202603,3,WCTAX,Water Conservation Tax,Cu M,3171,1.37,4344.27
SG-01-WATE-202603,4,SANIT,Sanitary Appliance Fee,Fitting,12,11.8,141.6
MY-01-ELEC-202603,1,ENERGY,Caj Tenaga / Energy Charge,kWj,151719,0.435,65997.76
MY-01-ELEC-202603,2,DEMAND,Caj Permintaan / Demand Charge,kW,364.1,32.0,11651.2
MY-01-ELEC-202603,3,FUEL,Pelarasan Kos Bahan Api / Fuel Adjustment,kWj,151719,0.027,4096.41
MY-01-ELEC-202603,4,RENEW,Kumpulan Wang Tenaga Boleh Baharu / RE Fund,kWj,151719,0.016,2427.5
MY-01-WATE-202603,1,WATER,Caj Air / Water Charge,m3,3373,2.28,7690.44
MY-01-WATE-202603,2,SEWER,Caj Pembetungan / Sewerage Charge,m3,3373,0.64,2158.72
MY-01-WATE-202603,3,MSVC,Caj Perkhidmatan Meter / Meter Service,Meter,1,24.0,24.0
IN-01-ELEC-202603,1,ENERGY,Energy Charges,kWh,119691,8.15,975481.65
IN-01-ELEC-202603,2,DEMAND,Demand Charges,kVA,311.2,385.0,119812.0
IN-01-ELEC-202603,3,FUEL,Fuel & Power Purchase Cost Adjustment,kWh,119691,0.49,58648.59
IN-01-ELEC-202603,4,NETWORK,Transmission & Wheeling Charges,kWh,119691,0.31,37104.21
IN-01-WATE-202603,1,WATER,Water Consumption Charges,KL,2875,45.0,129375.0
IN-01-WATE-202603,2,SEWER,Sewerage Cess,KL,2875,13.5,38812.5
IN-01-WATE-202603,3,MSVC,Meter Rent & Service Charge,Meter,1,210.0,210.0
AU-01-ELEC-202603,1,ENERGY,Electricity usage,kWh,121104,0.198,23978.59
AU-01-ELEC-202603,2,DEMAND,Demand charge,kW,266.4,14.2,3782.88
AU-01-ELEC-202603,3,NETWORK,Network access charge,kWh,121104,0.0714,8646.83
AU-01-ELEC-202603,4,RENEW,Renewable energy scheme,kWh,121104,0.0093,1126.27
AU-01-WATE-202603,1,WATER,Water usage,kL,2902,3.42,9924.84
AU-01-WATE-202603,2,SEWER,Trade waste and sewerage,kL,2902,1.19,3453.38
AU-01-WATE-202603,3,MSVC,Service availability charge,Service,1,96.0,96.0
SG-01-ELEC-202604,1,ENERGY,Energy Charge,kWh,178738,0.285,50940.33
SG-01-ELEC-202604,2,DEMAND,Contracted Capacity Charge,kW,375.3,11.5,4315.95
SG-01-ELEC-202604,3,NETWORK,Grid Charge,kWh,178738,0.0521,9312.25
SG-01-ELEC-202604,4,FUEL,Fuel Cost Adjustment,kWh,178738,0.0187,3342.4
SG-01-ELEC-202604,5,RENEW,Renewable Energy Levy,kWh,178738,0.0042,750.7
SG-01-WATE-202604,1,WATER,Potable Water Tariff,Cu M,3411,2.74,9346.14
SG-01-WATE-202604,2,WBFEE,Waterborne Fee,Cu M,3411,0.92,3138.12
SG-01-WATE-202604,3,WCTAX,Water Conservation Tax,Cu M,3411,1.37,4673.07
SG-01-WATE-202604,4,SANIT,Sanitary Appliance Fee,Fitting,12,11.8,141.6
MY-01-ELEC-202604,1,ENERGY,Caj Tenaga / Energy Charge,kWj,138183,0.435,60109.61
MY-01-ELEC-202604,2,DEMAND,Caj Permintaan / Demand Charge,kW,331.6,32.0,10611.2
MY-01-ELEC-202604,3,FUEL,Pelarasan Kos Bahan Api / Fuel Adjustment,kWj,138183,0.027,3730.94
MY-01-ELEC-202604,4,RENEW,Kumpulan Wang Tenaga Boleh Baharu / RE Fund,kWj,138183,0.016,2210.93
MY-01-WATE-202604,1,WATER,Caj Air / Water Charge,m3,3276,2.28,7469.28
MY-01-WATE-202604,2,SEWER,Caj Pembetungan / Sewerage Charge,m3,3276,0.64,2096.64
MY-01-WATE-202604,3,MSVC,Caj Perkhidmatan Meter / Meter Service,Meter,1,24.0,24.0
IN-01-ELEC-202604,1,ENERGY,Energy Charges,kWh,120242,8.15,979972.3
IN-01-ELEC-202604,2,DEMAND,Demand Charges,kVA,312.6,385.0,120351.0
IN-01-ELEC-202604,3,FUEL,Fuel & Power Purchase Cost Adjustment,kWh,120242,0.49,58918.58
IN-01-ELEC-202604,4,NETWORK,Transmission & Wheeling Charges,kWh,120242,0.31,37275.02
IN-01-WATE-202604,1,WATER,Water Consumption Charges,KL,2978,45.0,134010.0
IN-01-WATE-202604,2,SEWER,Sewerage Cess,KL,2978,13.5,40203.0
IN-01-WATE-202604,3,MSVC,Meter Rent & Service Charge,Meter,1,210.0,210.0
AU-01-ELEC-202604,1,ENERGY,Electricity usage,kWh,123442,0.198,24441.52
AU-01-ELEC-202604,2,DEMAND,Demand charge,kW,271.6,14.2,3856.72
AU-01-ELEC-202604,3,NETWORK,Network access charge,kWh,123442,0.0714,8813.76
AU-01-ELEC-202604,4,RENEW,Renewable energy scheme,kWh,123442,0.0093,1148.01
AU-01-WATE-202604,1,WATER,Water usage,kL,2779,3.42,9504.18
AU-01-WATE-202604,2,SEWER,Trade waste and sewerage,kL,2779,1.19,3307.01
AU-01-WATE-202604,3,MSVC,Service availability charge,Service,1,96.0,96.0
SG-01-ELEC-202605,1,ENERGY,Energy Charge,kWh,188701,0.285,53779.78
SG-01-ELEC-202605,2,DEMAND,Contracted Capacity Charge,kW,396.3,11.5,4557.45
SG-01-ELEC-202605,3,NETWORK,Grid Charge,kWh,188701,0.0521,9831.32
SG-01-ELEC-202605,4,FUEL,Fuel Cost Adjustment,kWh,188701,0.0187,3528.71
SG-01-ELEC-202605,5,RENEW,Renewable Energy Levy,kWh,188701,0.0042,792.54
SG-01-WATE-202605,1,WATER,Potable Water Tariff,Cu M,3751,2.74,10277.74
SG-01-WATE-202605,2,WBFEE,Waterborne Fee,Cu M,3751,0.92,3450.92
SG-01-WATE-202605,3,WCTAX,Water Conservation Tax,Cu M,3751,1.37,5138.87
SG-01-WATE-202605,4,SANIT,Sanitary Appliance Fee,Fitting,12,11.8,141.6
MY-01-ELEC-202605,1,ENERGY,Caj Tenaga / Energy Charge,kWj,135765,0.435,59057.78
MY-01-ELEC-202605,2,DEMAND,Caj Permintaan / Demand Charge,kW,325.8,32.0,10425.6
MY-01-ELEC-202605,3,FUEL,Pelarasan Kos Bahan Api / Fuel Adjustment,kWj,135765,0.027,3665.65
MY-01-ELEC-202605,4,RENEW,Kumpulan Wang Tenaga Boleh Baharu / RE Fund,kWj,135765,0.016,2172.24
MY-01-WATE-202605,1,WATER,Caj Air / Water Charge,m3,3059,2.28,6974.52
MY-01-WATE-202605,2,SEWER,Caj Pembetungan / Sewerage Charge,m3,3059,0.64,1957.76
MY-01-WATE-202605,3,MSVC,Caj Perkhidmatan Meter / Meter Service,Meter,1,24.0,24.0
IN-01-ELEC-202605,1,ENERGY,Energy Charges,kWh,127734,8.15,1041032.1
IN-01-ELEC-202605,2,DEMAND,Demand Charges,kVA,332.1,385.0,127858.5
IN-01-ELEC-202605,3,FUEL,Fuel & Power Purchase Cost Adjustment,kWh,127734,0.49,62589.66
IN-01-ELEC-202605,4,NETWORK,Transmission & Wheeling Charges,kWh,127734,0.31,39597.54
IN-01-WATE-202605,1,WATER,Water Consumption Charges,KL,3239,45.0,145755.0
IN-01-WATE-202605,2,SEWER,Sewerage Cess,KL,3239,13.5,43726.5
IN-01-WATE-202605,3,MSVC,Meter Rent & Service Charge,Meter,1,210.0,210.0
AU-01-ELEC-202605,1,ENERGY,Electricity usage,kWh,142254,0.198,28166.29
AU-01-ELEC-202605,2,DEMAND,Demand charge,kW,313.0,14.2,4444.6
AU-01-ELEC-202605,3,NETWORK,Network access charge,kWh,142254,0.0714,10156.94
AU-01-ELEC-202605,4,RENEW,Renewable energy scheme,kWh,142254,0.0093,1322.96
AU-01-WATE-202605,1,WATER,Water usage,kL,3183,3.42,10885.86
AU-01-WATE-202605,2,SEWER,Trade waste and sewerage,kL,3183,1.19,3787.77
AU-01-WATE-202605,3,MSVC,Service availability charge,Service,1,96.0,96.0
SG-01-ELEC-202606,1,ENERGY,Energy Charge,kWh,184549,0.285,52596.46
SG-01-ELEC-202606,2,DEMAND,Contracted Capacity Charge,kW,387.6,11.5,4457.4
SG-01-ELEC-202606,3,NETWORK,Grid Charge,kWh,184549,0.0521,9615.0
SG-01-ELEC-202606,4,FUEL,Fuel Cost Adjustment,kWh,184549,0.0187,3451.07
SG-01-ELEC-202606,5,RENEW,Renewable Energy Levy,kWh,184549,0.0042,775.11
SG-01-WATE-202606,1,WATER,Potable Water Tariff,Cu M,3541,2.74,9702.34
SG-01-WATE-202606,2,WBFEE,Waterborne Fee,Cu M,3541,0.92,3257.72
SG-01-WATE-202606,3,WCTAX,Water Conservation Tax,Cu M,3541,1.37,4851.17
SG-01-WATE-202606,4,SANIT,Sanitary Appliance Fee,Fitting,12,11.8,141.6
MY-01-ELEC-202606,1,ENERGY,Caj Tenaga / Energy Charge,kWj,150153,0.435,65316.56
MY-01-ELEC-202606,2,DEMAND,Caj Permintaan / Demand Charge,kW,360.4,32.0,11532.8
MY-01-ELEC-202606,3,FUEL,Pelarasan Kos Bahan Api / Fuel Adjustment,kWj,150153,0.027,4054.13
MY-01-ELEC-202606,4,RENEW,Kumpulan Wang Tenaga Boleh Baharu / RE Fund,kWj,150153,0.016,2402.45
MY-01-WATE-202606,1,WATER,Caj Air / Water Charge,m3,3562,2.28,8121.36
MY-01-WATE-202606,2,SEWER,Caj Pembetungan / Sewerage Charge,m3,3562,0.64,2279.68
MY-01-WATE-202606,3,MSVC,Caj Perkhidmatan Meter / Meter Service,Meter,1,24.0,24.0
IN-01-ELEC-202606,1,ENERGY,Energy Charges,kWh,118592,8.15,966524.8
IN-01-ELEC-202606,2,DEMAND,Demand Charges,kVA,308.3,385.0,118695.5
IN-01-ELEC-202606,3,FUEL,Fuel & Power Purchase Cost Adjustment,kWh,118592,0.49,58110.08
IN-01-ELEC-202606,4,NETWORK,Transmission & Wheeling Charges,kWh,118592,0.31,36763.52
IN-01-WATE-202606,1,WATER,Water Consumption Charges,KL,2913,45.0,131085.0
IN-01-WATE-202606,2,SEWER,Sewerage Cess,KL,2913,13.5,39325.5
IN-01-WATE-202606,3,MSVC,Meter Rent & Service Charge,Meter,1,210.0,210.0
AU-01-ELEC-202606,1,ENERGY,Electricity usage,kWh,148158,0.198,29335.28
AU-01-ELEC-202606,2,DEMAND,Demand charge,kW,325.9,14.2,4627.78
AU-01-ELEC-202606,3,NETWORK,Network access charge,kWh,148158,0.0714,10578.48
AU-01-ELEC-202606,4,RENEW,Renewable energy scheme,kWh,148158,0.0093,1377.87
AU-01-WATE-202606,1,WATER,Water usage,kL,3419,3.42,11692.98
AU-01-WATE-202606,2,SEWER,Trade waste and sewerage,kL,3419,1.19,4068.61
AU-01-WATE-202606,3,MSVC,Service availability charge,Service,1,96.0,96.0
