document_id,plant_code,plant_key,utility_type,provider_name,account_no,invoice_no,meter_no,billing_period,period_start,period_end,issue_date,due_date,previous_reading,current_reading,consumption,consumption_uom,demand_kw,currency,subtotal_amount,tax_amount,total_amount,grid_emission_factor,co2e_kg
SG-01-ELEC-202401,SG-01,1,Electricity,Meridian Power Singapore Pte Ltd,MPS-4417-0891,MPS/2024/01/37133,MP-SG-118427,202401,2024-01-01,2024-01-31,2024-02-04,2024-02-25,1284000,1463432,179432,kWh,376.8,SGD,68928.72,6203.58,75132.3,0.412,73926.0
SG-01-WATE-202401,SG-01,1,Water,Island Water Authority,IWA-7734-2205,IWA/2024/01/53940,IW-SG-55031,202401,2024-01-01,2024-01-31,2024-02-06,2024-02-27,86400,89809,3409,Cu M,,SGD,17288.87,1556.0,18844.87,,
MY-01-ELEC-202401,MY-01,2,Electricity,Nusantara Elektrik Berhad,NEB 8802 4417 33,NEB202401073435,NEB-MY-902244,202401,2024-01-01,2024-01-31,2024-02-03,2024-02-17,1284000,1431144,147144,kWh,353.1,MYR,81634.03,6530.72,88164.75,0.585,86079.2
MY-01-WATE-202401,MY-01,2,Water,Selatan Air Sdn Bhd,SA 5590 1187 02,SA202401083804,SA-MY-441907,202401,2024-01-01,2024-01-31,2024-02-06,2024-02-27,86400,89675,3275,m3,,MYR,9587.0,766.96,10353.96,,
IN-01-ELEC-202401,IN-01,3,Electricity,Bharat Grid Utilities Ltd,BGU/HT/560110/4417,BGU-202401-0079756,BGU-KA-7742081,202401,2024-01-01,2024-01-31,2024-02-06,2024-02-27,1284000,1382330,98330,kWh,255.7,INR,978498.0,88064.82,1066562.82,0.716,70404.3
IN-01-WATE-202401,IN-01,3,Water,Deccan Water Board,DWB/IND/5621/8890,DWB-202401-0092339,DWB-KA-330914,202401,2024-01-01,2024-01-31,2024-02-05,2024-02-26,86400,88866,2466,KL,,INR,144471.0,26004.78,170475.78,,
AU-01-ELEC-202401,AU-01,4,Electricity,Southern Cross Energy Pty Ltd,SCE 4471 8890,43664202401,SCE-VIC-611470,202401,2024-01-01,2024-01-31,2024-02-05,2024-02-19,1284000,1396589,112589,kWh,247.7,AUD,34895.89,3489.59,38385.48,0.634,71381.4
AU-01-WATE-202401,AU-01,4,Water,Great Dividing Water Corp,GDW 7781 2043,54954202401,GDW-VIC-220884,202401,2024-01-01,2024-01-31,2024-02-03,2024-02-17,86400,88904,2504,kL,,AUD,11639.44,1163.94,12803.38,,
SG-01-ELEC-202402,SG-01,1,Electricity,Meridian Power Singapore Pte Ltd,MPS-4417-0891,MPS/2024/02/74796,MP-SG-118427,202402,2024-02-01,2024-02-29,2024-03-04,2024-03-18,1463432,1641124,177692,kWh,373.2,SGD,68260.92,6143.48,74404.4,0.412,73209.1
SG-01-WATE-202402,SG-01,1,Water,Island Water Authority,IWA-7734-2205,IWA/2024/02/01261,IW-SG-55031,202402,2024-02-01,2024-02-29,2024-03-03,2024-03-24,89809,93489,3680,Cu M,,SGD,18652.0,1678.68,20330.68,,
MY-01-ELEC-202402,MY-01,2,Electricity,Nusantara Elektrik Berhad,NEB 8802 4417 33,NEB202402081893,NEB-MY-902244,202402,2024-02-01,2024-02-29,2024-03-06,2024-03-20,1431144,1563438,132294,kWh,317.5,MYR,73396.53,5871.72,79268.25,0.585,77392.0
MY-01-WATE-202402,MY-01,2,Water,Selatan Air Sdn Bhd,SA 5590 1187 02,SA202402026082,SA-MY-441907,202402,2024-02-01,2024-02-29,2024-03-06,2024-03-20,89675,92563,2888,m3,,MYR,8456.96,676.56,9133.52,,
IN-01-ELEC-202402,IN-01,3,Electricity,Bharat Grid Utilities Ltd,BGU/HT/560110/4417,BGU-202402-0098983,BGU-KA-7742081,202402,2024-02-01,2024-02-29,2024-03-05,2024-03-19,1382330,1483234,100904,kWh,262.4,INR,1004114.8,90370.33,1094485.13,0.716,72247.3
IN-01-WATE-202402,IN-01,3,Water,Deccan Water Board,DWB/IND/5621/8890,DWB-202402-0070089,DWB-KA-330914,202402,2024-02-01,2024-02-29,2024-03-04,2024-03-25,88866,91429,2563,KL,,INR,150145.5,27026.19,177171.69,,
AU-01-ELEC-202402,AU-01,4,Electricity,Southern Cross Energy Pty Ltd,SCE 4471 8890,71239202402,SCE-VIC-611470,202402,2024-02-01,2024-02-29,2024-03-05,2024-03-26,1396589,1503807,107218,kWh,235.9,AUD,33231.44,3323.14,36554.58,0.634,67976.2
AU-01-WATE-202402,AU-01,4,Water,Great Dividing Water Corp,GDW 7781 2043,53591202402,GDW-VIC-220884,202402,2024-02-01,2024-02-29,2024-03-05,2024-04-02,88904,91328,2424,kL,,AUD,11270.64,1127.06,12397.7,,
SG-01-ELEC-202403,SG-01,1,Electricity,Meridian Power Singapore Pte Ltd,MPS-4417-0891,MPS/2024/03/20811,MP-SG-118427,202403,2024-03-01,2024-03-31,2024-04-04,2024-05-02,1641124,1843400,202276,kWh,424.8,SGD,77704.56,6993.41,84697.97,0.412,83337.7
SG-01-WATE-202403,SG-01,1,Water,Island Water Authority,IWA-7734-2205,IWA/2024/03/50282,IW-SG-55031,202403,2024-03-01,2024-03-31,2024-04-04,2024-04-25,93489,97270,3781,Cu M,,SGD,19160.03,1724.4,20884.43,,
MY-01-ELEC-202403,MY-01,2,Electricity,Nusantara Elektrik Berhad,NEB 8802 4417 33,NEB202403004273,NEB-MY-902244,202403,2024-03-01,2024-03-31,2024-04-04,2024-04-25,1563438,1698515,135077,kWh,324.2,MYR,74941.21,5995.3,80936.51,0.585,79020.0
MY-01-WATE-202403,MY-01,2,Water,Selatan Air Sdn Bhd,SA 5590 1187 02,SA202403071288,SA-MY-441907,202403,2024-03-01,2024-03-31,2024-04-05,2024-04-26,92563,95532,2969,m3,,MYR,8693.48,695.48,9388.96,,
IN-01-ELEC-202403,IN-01,3,Electricity,Bharat Grid Utilities Ltd,BGU/HT/560110/4417,BGU-202403-0007801,BGU-KA-7742081,202403,2024-03-01,2024-03-31,2024-04-06,2024-04-27,1483234,1588580,105346,kWh,273.9,INR,1048298.2,94346.84,1142645.04,0.716,75427.7
IN-01-WATE-202403,IN-01,3,Water,Deccan Water Board,DWB/IND/5621/8890,DWB-202403-0040317,DWB-KA-330914,202403,2024-03-01,2024-03-31,2024-04-03,2024-04-17,91429,94091,2662,KL,,INR,155937.0,28068.66,184005.66,,
AU-01-ELEC-202403,AU-01,4,Electricity,Southern Cross Energy Pty Ltd,SCE 4471 8890,52354202403,SCE-VIC-611470,202403,2024-03-01,2024-03-31,2024-04-03,2024-04-24,1503807,1633948,130141,kWh,286.3,AUD,40335.76,4033.58,44369.34,0.634,82509.4
AU-01-WATE-202403,AU-01,4,Water,Great Dividing Water Corp,GDW 7781 2043,19727202403,GDW-VIC-220884,202403,2024-03-01,2024-03-31,2024-04-04,2024-04-25,91328,94309,2981,kL,,AUD,13838.41,1383.84,15222.25,,
SG-01-ELEC-202404,SG-01,1,Electricity,Meridian Power Singapore Pte Ltd,MPS-4417-0891,MPS/2024/04/19437,MP-SG-118427,202404,2024-04-01,2024-04-30,2024-05-04,2024-05-25,1843400,2026407,183007,kWh,384.3,SGD,70301.96,6327.18,76629.14,0.412,75398.9
SG-01-WATE-202404,SG-01,1,Water,Island Water Authority,IWA-7734-2205,IWA/2024/04/51949,IW-SG-55031,202404,2024-04-01,2024-04-30,2024-05-05,2024-05-26,97270,100831,3561,Cu M,,SGD,18053.43,1624.81,19678.24,,
MY-01-ELEC-202404,MY-01,2,Electricity,Nusantara Elektrik Berhad,NEB 8802 4417 33,NEB202404068925,NEB-MY-902244,202404,2024-04-01,2024-04-30,2024-05-06,2024-06-03,1698515,1839480,140965,kWh,338.3,MYR,78206.87,6256.55,84463.42,0.585,82464.5
MY-01-WATE-202404,MY-01,2,Water,Selatan Air Sdn Bhd,SA 5590 1187 02,SA202404055460,SA-MY-441907,202404,2024-04-01,2024-04-30,2024-05-03,2024-05-31,95532,98713,3181,m3,,MYR,9312.52,745.0,10057.52,,
IN-01-ELEC-202404,IN-01,3,Electricity,Bharat Grid Utilities Ltd,BGU/HT/560110/4417,BGU-202404-0054156,BGU-KA-7742081,202404,2024-04-01,2024-04-30,2024-05-03,2024-05-24,1588580,1699490,110910,kWh,288.4,INR,1103678.5,99331.07,1203009.57,0.716,79411.6
IN-01-WATE-202404,IN-01,3,Water,Deccan Water Board,DWB/IND/5621/8890,DWB-202404-0028517,DWB-KA-330914,202404,2024-04-01,2024-04-30,2024-05-04,2024-05-18,94091,97009,2918,KL,,INR,170913.0,30764.34,201677.34,,
AU-01-ELEC-202404,AU-01,4,Electricity,Southern Cross Energy Pty Ltd,SCE 4471 8890,13377202404,SCE-VIC-611470,202404,2024-04-01,2024-04-30,2024-05-06,2024-06-03,1633948,1769783,135835,kWh,298.8,AUD,42100.18,4210.02,46310.2,0.634,86119.4
AU-01-WATE-202404,AU-01,4,Water,Great Dividing Water Corp,GDW 7781 2043,7447202404,GDW-VIC-220884,202404,2024-04-01,2024-04-30,2024-05-03,2024-05-24,94309,97505,3196,kL,,AUD,14829.56,1482.96,16312.52,,
SG-01-ELEC-202405,SG-01,1,Electricity,Meridian Power Singapore Pte Ltd,MPS-4417-0891,MPS/2024/05/01680,MP-SG-118427,202405,2024-05-01,2024-05-31,2024-06-05,2024-06-19,2026407,2199614,173207,kWh,363.7,SGD,66537.06,5988.34,72525.4,0.412,71361.3
SG-01-WATE-202405,SG-01,1,Water,Island Water Authority,IWA-7734-2205,IWA/2024/05/51997,IW-SG-55031,202405,2024-05-01,2024-05-31,2024-06-05,2024-07-03,100831,104298,3467,Cu M,,SGD,17580.61,1582.25,19162.86,,
MY-01-ELEC-202405,MY-01,2,Electricity,Nusantara Elektrik Berhad,NEB 8802 4417 33,NEB202405037518,NEB-MY-902244,202405,2024-05-01,2024-05-31,2024-06-06,2024-06-20,1839480,2006866,167386,kWh,401.7,MYR,92864.91,7429.19,100294.1,0.585,97920.8
MY-01-WATE-202405,MY-01,2,Water,Selatan Air Sdn Bhd,SA 5590 1187 02,SA202405032558,SA-MY-441907,202405,2024-05-01,2024-05-31,2024-06-05,2024-06-19,98713,102505,3792,m3,,MYR,11096.64,887.73,11984.37,,
IN-01-ELEC-202405,IN-01,3,Electricity,Bharat Grid Utilities Ltd,BGU/HT/560110/4417,BGU-202405-0050985,BGU-KA-7742081,202405,2024-05-01,2024-05-31,2024-06-06,2024-06-27,1699490,1825675,126185,kWh,328.1,INR,1255674.25,113010.68,1368684.93,0.716,90348.5
IN-01-WATE-202405,IN-01,3,Water,Deccan Water Board,DWB/IND/5621/8890,DWB-202405-0063506,DWB-KA-330914,202405,2024-05-01,2024-05-31,2024-06-04,2024-06-18,97009,100231,3222,KL,,INR,188697.0,33965.46,222662.46,,
AU-01-ELEC-202405,AU-01,4,Electricity,Southern Cross Energy Pty Ltd,SCE 4471 8890,58263202405,SCE-VIC-611470,202405,2024-05-01,2024-05-31,2024-06-04,2024-06-25,1769783,1916696,146913,kWh,323.2,AUD,45534.09,4553.41,50087.5,0.634,93142.8
AU-01-WATE-202405,AU-01,4,Water,Great Dividing Water Corp,GDW 7781 2043,45902202405,GDW-VIC-220884,202405,2024-05-01,2024-05-31,2024-06-03,2024-06-24,97505,100703,3198,kL,,AUD,14838.78,1483.88,16322.66,,
SG-01-ELEC-202406,SG-01,1,Electricity,Meridian Power Singapore Pte Ltd,MPS-4417-0891,MPS/2024/06/06346,MP-SG-118427,202406,2024-06-01,2024-06-30,2024-07-03,2024-07-17,2199614,2359540,159926,kWh,335.8,SGD,61435.06,5529.16,66964.22,0.412,65889.5
SG-01-WATE-202406,SG-01,1,Water,Island Water Authority,IWA-7734-2205,IWA/2024/06/87259,IW-SG-55031,202406,2024-06-01,2024-06-30,2024-07-06,2024-07-20,104298,107395,3097,Cu M,,SGD,15719.51,1414.76,17134.27,,
MY-01-ELEC-202406,MY-01,2,Electricity,Nusantara Elektrik Berhad,NEB 8802 4417 33,NEB202406065837,NEB-MY-902244,202406,2024-06-01,2024-06-30,2024-07-04,2024-08-01,2006866,2158532,151666,kWh,364.0,MYR,84144.35,6731.55,90875.9,0.585,88724.6
MY-01-WATE-202406,MY-01,2,Water,Selatan Air Sdn Bhd,SA 5590 1187 02,SA202406040288,SA-MY-441907,202406,2024-06-01,2024-06-30,2024-07-04,2024-08-01,102505,105780,3275,m3,,MYR,9587.0,766.96,10353.96,,
IN-01-ELEC-202406,IN-01,3,Electricity,Bharat Grid Utilities Ltd,BGU/HT/560110/4417,BGU-202406-0035794,BGU-KA-7742081,202406,2024-06-01,2024-06-30,2024-07-04,2024-07-18,1825675,1940570,114895,kWh,298.7,INR,1143309.75,102897.88,1246207.63,0.716,82264.8
IN-01-WATE-202406,IN-01,3,Water,Deccan Water Board,DWB/IND/5621/8890,DWB-202406-0014261,DWB-KA-330914,202406,2024-06-01,2024-06-30,2024-07-06,2024-07-20,100231,103009,2778,KL,,INR,162723.0,29290.14,192013.14,,
AU-01-ELEC-202406,AU-01,4,Electricity,Southern Cross Energy Pty Ltd,SCE 4471 8890,53598202406,SCE-VIC-611470,202406,2024-06-01,2024-06-30,2024-07-05,2024-07-26,1916696,2079732,163036,kWh,358.7,AUD,50531.67,5053.17,55584.84,0.634,103364.8
AU-01-WATE-202406,AU-01,4,Water,Great Dividing Water Corp,GDW 7781 2043,34841202406,GDW-VIC-220884,202406,2024-06-01,2024-06-30,2024-07-05,2024-07-19,100703,104188,3485,kL,,AUD,16161.85,1616.19,17778.04,,
SG-01-ELEC-202407,SG-01,1,Electricity,Meridian Power Singapore Pte Ltd,MPS-4417-0891,MPS/2024/07/09364,MP-SG-118427,202407,2024-07-01,2024-07-31,2024-08-05,2024-08-26,2359540,2549220,189680,kWh,398.3,SGD,72865.26,6557.87,79423.13,0.412,78148.2
SG-01-WATE-202407,SG-01,1,Water,Island Water Authority,IWA-7734-2205,IWA/2024/07/63769,IW-SG-55031,202407,2024-07-01,2024-07-31,2024-08-04,2024-08-25,107395,111177,3782,Cu M,,SGD,19165.06,1724.86,20889.92,,
MY-01-ELEC-202407,MY-01,2,Electricity,Nusantara Elektrik Berhad,NEB 8802 4417 33,NEB202407062899,NEB-MY-902244,202407,2024-07-01,2024-07-31,2024-08-03,2024-08-24,2158532,2311387,152855,kWh,366.9,MYR,84805.5,6784.44,91589.94,0.585,89420.2
MY-01-WATE-202407,MY-01,2,Water,Selatan Air Sdn Bhd,SA 5590 1187 02,SA202407073209,SA-MY-441907,202407,2024-07-01,2024-07-31,2024-08-03,2024-08-31,105780,109199,3419,m3,,MYR,10007.48,800.6,10808.08,,
IN-01-ELEC-202407,IN-01,3,Electricity,Bharat Grid Utilities Ltd,BGU/HT/560110/4417,BGU-202407-0020534,BGU-KA-7742081,202407,2024-07-01,2024-07-31,2024-08-05,2024-09-02,1940570,2040536,99966,kWh,259.9,INR,994757.2,89528.15,1084285.35,0.716,71575.7
IN-01-WATE-202407,IN-01,3,Water,Deccan Water Board,DWB/IND/5621/8890,DWB-202407-0067176,DWB-KA-330914,202407,2024-07-01,2024-07-31,2024-08-04,2024-08-18,103009,105645,2636,KL,,INR,154416.0,27794.88,182210.88,,
AU-01-ELEC-202407,AU-01,4,Electricity,Southern Cross Energy Pty Ltd,SCE 4471 8890,26035202407,SCE-VIC-611470,202407,2024-07-01,2024-07-31,2024-08-06,2024-08-20,2079732,2223194,143462,kWh,315.6,AUD,44464.39,4446.44,48910.83,0.634,90954.9
AU-01-WATE-202407,AU-01,4,Water,Great Dividing Water Corp,GDW 7781 2043,16914202407,GDW-VIC-220884,202407,2024-07-01,2024-07-31,2024-08-03,2024-08-17,104188,107600,3412,kL,,AUD,15825.32,1582.53,17407.85,,
SG-01-ELEC-202408,SG-01,1,Electricity,Meridian Power Singapore Pte Ltd,MPS-4417-0891,MPS/2024/08/69306,MP-SG-118427,202408,2024-08-01,2024-08-31,2024-09-05,2024-10-03,2549220,2733080,183860,kWh,386.1,SGD,70629.75,6356.68,76986.43,0.412,75750.3
SG-01-WATE-202408,SG-01,1,Water,Island Water Authority,IWA-7734-2205,IWA/2024/08/89411,IW-SG-55031,202408,2024-08-01,2024-08-31,2024-09-06,2024-09-27,111177,114693,3516,Cu M,,SGD,17827.08,1604.44,19431.52,,
MY-01-ELEC-202408,MY-01,2,Electricity,Nusantara Elektrik Berhad,NEB 8802 4417 33,NEB202408057670,NEB-MY-902244,202408,2024-08-01,2024-08-31,2024-09-03,2024-10-01,2311387,2471904,160517,kWh,385.2,MYR,89053.53,7124.28,96177.81,0.585,93902.4
MY-01-WATE-202408,MY-01,2,Water,Selatan Air Sdn Bhd,SA 5590 1187 02,SA202408086080,SA-MY-441907,202408,2024-08-01,2024-08-31,2024-09-04,2024-09-18,109199,112861,3662,m3,,MYR,10717.04,857.36,11574.4,,
IN-01-ELEC-202408,IN-01,3,Electricity,Bharat Grid Utilities Ltd,BGU/HT/560110/4417,BGU-202408-0071658,BGU-KA-7742081,202408,2024-08-01,2024-08-31,2024-09-05,2024-09-19,2040536,2145940,105404,kWh,274.1,INR,1048894.3,94400.49,1143294.79,0.716,75469.3
IN-01-WATE-202408,IN-01,3,Water,Deccan Water Board,DWB/IND/5621/8890,DWB-202408-0073187,DWB-KA-330914,202408,2024-08-01,2024-08-31,2024-09-06,2024-09-27,105645,108142,2497,KL,,INR,146284.5,26331.21,172615.71,,
AU-01-ELEC-202408,AU-01,4,Electricity,Southern Cross Energy Pty Ltd,SCE 4471 8890,19678202408,SCE-VIC-611470,202408,2024-08-01,2024-08-31,2024-09-04,2024-09-25,2223194,2369162,145968,kWh,321.1,AUD,45240.9,4524.09,49764.99,0.634,92543.7
AU-01-WATE-202408,AU-01,4,Water,Great Dividing Water Corp,GDW 7781 2043,84454202408,GDW-VIC-220884,202408,2024-08-01,2024-08-31,2024-09-03,2024-09-24,107600,110957,3357,kL,,AUD,15571.77,1557.18,17128.95,,
SG-01-ELEC-202409,SG-01,1,Electricity,Meridian Power Singapore Pte Ltd,MPS-4417-0891,MPS/2024/09/70254,MP-SG-118427,202409,2024-09-01,2024-09-30,2024-10-04,2024-10-18,2733080,2920682,187602,kWh,394.0,SGD,72067.72,6486.09,78553.81,0.412,77292.0
SG-01-WATE-202409,SG-01,1,Water,Island Water Authority,IWA-7734-2205,IWA/2024/09/57954,IW-SG-55031,202409,2024-09-01,2024-09-30,2024-10-03,2024-10-17,114693,118344,3651,Cu M,,SGD,18506.13,1665.55,20171.68,,
MY-01-ELEC-202409,MY-01,2,Electricity,Nusantara Elektrik Berhad,NEB 8802 4417 33,NEB202409042788,NEB-MY-902244,202409,2024-09-01,2024-09-30,2024-10-05,2024-10-26,2471904,2599936,128032,kWh,307.3,MYR,71032.89,5682.63,76715.52,0.585,74898.7
MY-01-WATE-202409,MY-01,2,Water,Selatan Air Sdn Bhd,SA 5590 1187 02,SA202409046234,SA-MY-441907,202409,2024-09-01,2024-09-30,2024-10-04,2024-11-01,112861,115829,2968,m3,,MYR,8690.56,695.24,9385.8,,
IN-01-ELEC-202409,IN-01,3,Electricity,Bharat Grid Utilities Ltd,BGU/HT/560110/4417,BGU-202409-0002728,BGU-KA-7742081,202409,2024-09-01,2024-09-30,2024-10-06,2024-10-20,2145940,2248392,102452,kWh,266.4,INR,1019509.4,91755.85,1111265.25,0.716,73355.6
IN-01-WATE-202409,IN-01,3,Water,Deccan Water Board,DWB/IND/5621/8890,DWB-202409-0075795,DWB-KA-330914,202409,2024-09-01,2024-09-30,2024-10-03,2024-10-31,108142,110640,2498,KL,,INR,146343.0,26341.74,172684.74,,
AU-01-ELEC-202409,AU-01,4,Electricity,Southern Cross Energy Pty Ltd,SCE 4471 8890,96622202409,SCE-VIC-611470,202409,2024-09-01,2024-09-30,2024-10-04,2024-10-25,2369162,2502322,133160,kWh,293.0,AUD,41272.29,4127.23,45399.52,0.634,84423.4
AU-01-WATE-202409,AU-01,4,Water,Great Dividing Water Corp,GDW 7781 2043,63928202409,GDW-VIC-220884,202409,2024-09-01,2024-09-30,2024-10-04,2024-10-25,110957,113988,3031,kL,,AUD,14068.91,1406.89,15475.8,,
SG-01-ELEC-202410,SG-01,1,Electricity,Meridian Power Singapore Pte Ltd,MPS-4417-0891,MPS/2024/10/97166,MP-SG-118427,202410,2024-10-01,2024-10-31,2024-11-04,2024-12-02,2920682,3098624,177942,kWh,373.7,SGD,68356.68,6152.1,74508.78,0.412,73312.1
SG-01-WATE-202410,SG-01,1,Water,Island Water Authority,IWA-7734-2205,IWA/2024/10/68457,IW-SG-55031,202410,2024-10-01,2024-10-31,2024-11-03,2024-11-17,118344,121988,3644,Cu M,,SGD,18470.92,1662.38,20133.3,,
MY-01-ELEC-202410,MY-01,2,Electricity,Nusantara Elektrik Berhad,NEB 8802 4417 33,NEB202410084102,NEB-MY-902244,202410,2024-10-01,2024-10-31,2024-11-06,2024-12-04,2599936,2732899,132963,kWh,319.1,MYR,73767.51,5901.4,79668.91,0.585,77783.4
MY-01-WATE-202410,MY-01,2,Water,Selatan Air Sdn Bhd,SA 5590 1187 02,SA202410095480,SA-MY-441907,202410,2024-10-01,2024-10-31,2024-11-04,2024-12-02,115829,118784,2955,m3,,MYR,8652.6,692.21,9344.81,,
IN-01-ELEC-202410,IN-01,3,Electricity,Bharat Grid Utilities Ltd,BGU/HT/560110/4417,BGU-202410-0083816,BGU-KA-7742081,202410,2024-10-01,2024-10-31,2024-11-05,2024-11-19,2248392,2348439,100047,kWh,260.1,INR,995559.15,89600.32,1085159.47,0.716,71633.7
IN-01-WATE-202410,IN-01,3,Water,Deccan Water Board,DWB/IND/5621/8890,DWB-202410-0067546,DWB-KA-330914,202410,2024-10-01,2024-10-31,2024-11-03,2024-12-01,110640,113173,2533,KL,,INR,148390.5,26710.29,175100.79,,
AU-01-ELEC-202410,AU-01,4,Electricity,Southern Cross Energy Pty Ltd,SCE 4471 8890,26290202410,SCE-VIC-611470,202410,2024-10-01,2024-10-31,2024-11-06,2024-11-27,2502322,2632850,130528,kWh,287.2,AUD,40456.39,4045.64,44502.03,0.634,82754.8
AU-01-WATE-202410,AU-01,4,Water,Great Dividing Water Corp,GDW 7781 2043,51229202410,GDW-VIC-220884,202410,2024-10-01,2024-10-31,2024-11-04,2024-12-02,113988,116971,2983,kL,,AUD,13847.63,1384.76,15232.39,,
SG-01-ELEC-202411,SG-01,1,Electricity,Meridian Power Singapore Pte Ltd,MPS-4417-0891,MPS/2024/11/73013,MP-SG-118427,202411,2024-11-01,2024-11-30,2024-12-06,2024-12-27,3098624,3284560,185936,kWh,390.5,SGD,71427.71,6428.49,77856.2,0.412,76605.6
SG-01-WATE-202411,SG-01,1,Water,Island Water Authority,IWA-7734-2205,IWA/2024/11/42035,IW-SG-55031,202411,2024-11-01,2024-11-30,2024-12-04,2024-12-18,121988,125691,3703,Cu M,,SGD,18767.69,1689.09,20456.78,,
MY-01-ELEC-202411,MY-01,2,Electricity,Nusantara Elektrik Berhad,NEB 8802 4417 33,NEB202411065559,NEB-MY-902244,202411,2024-11-01,2024-11-30,2024-12-05,2024-12-26,2732899,2877796,144897,kWh,347.8,MYR,80390.36,6431.23,86821.59,0.585,84764.7
MY-01-WATE-202411,MY-01,2,Water,Selatan Air Sdn Bhd,SA 5590 1187 02,SA202411039356,SA-MY-441907,202411,2024-11-01,2024-11-30,2024-12-06,2024-12-27,118784,121971,3187,m3,,MYR,9330.04,746.4,10076.44,,
IN-01-ELEC-202411,IN-01,3,Electricity,Bharat Grid Utilities Ltd,BGU/HT/560110/4417,BGU-202411-0087856,BGU-KA-7742081,202411,2024-11-01,2024-11-30,2024-12-03,2024-12-24,2348439,2453737,105298,kWh,273.8,INR,1047830.1,94304.71,1142134.81,0.716,75393.4
IN-01-WATE-202411,IN-01,3,Water,Deccan Water Board,DWB/IND/5621/8890,DWB-202411-0027249,DWB-KA-330914,202411,2024-11-01,2024-11-30,2024-12-03,2024-12-24,113173,115865,2692,KL,,INR,157692.0,28384.56,186076.56,,
AU-01-ELEC-202411,AU-01,4,Electricity,Southern Cross Energy Pty Ltd,SCE 4471 8890,69659202411,SCE-VIC-611470,202411,2024-11-01,2024-11-30,2024-12-03,2024-12-17,2632850,2745231,112381,kWh,247.2,AUD,34830.82,3483.08,38313.9,0.634,71249.6
AU-01-WATE-202411,AU-01,4,Water,Great Dividing Water Corp,GDW 7781 2043,92835202411,GDW-VIC-220884,202411,2024-11-01,2024-11-30,2024-12-03,2024-12-31,116971,119596,2625,kL,,AUD,12197.25,1219.73,13416.98,,
SG-01-ELEC-202412,SG-01,1,Electricity,Meridian Power Singapore Pte Ltd,MPS-4417-0891,MPS/2024/12/94061,MP-SG-118427,202412,2024-12-01,2024-12-31,2025-01-04,2025-02-01,3284560,3452031,167471,kWh,351.7,SGD,64334.11,5790.07,70124.18,0.412,68998.1
SG-01-WATE-202412,SG-01,1,Water,Island Water Authority,IWA-7734-2205,IWA/2024/12/72413,IW-SG-55031,202412,2024-12-01,2024-12-31,2025-01-04,2025-01-18,125691,129067,3376,Cu M,,SGD,17122.88,1541.06,18663.94,,
MY-01-ELEC-202412,MY-01,2,Electricity,Nusantara Elektrik Berhad,NEB 8802 4417 33,NEB202412057156,NEB-MY-902244,202412,2024-12-01,2024-12-31,2025-01-05,2025-02-02,2877796,3029715,151919,kWh,364.6,MYR,84284.47,6742.76,91027.23,0.585,88872.6
MY-01-WATE-202412,MY-01,2,Water,Selatan Air Sdn Bhd,SA 5590 1187 02,SA202412021266,SA-MY-441907,202412,2024-12-01,2024-12-31,2025-01-06,2025-01-27,121971,125360,3389,m3,,MYR,9919.88,793.59,10713.47,,
IN-01-ELEC-202412,IN-01,3,Electricity,Bharat Grid Utilities Ltd,BGU/HT/560110/4417,BGU-202412-0051083,BGU-KA-7742081,202412,2024-12-01,2024-12-31,2025-01-05,2025-01-19,2453737,2548124,94387,kWh,245.4,INR,939242.65,84531.84,1023774.49,0.716,67581.1
IN-01-WATE-202412,IN-01,3,Water,Deccan Water Board,DWB/IND/5621/8890,DWB-202412-0033598,DWB-KA-330914,202412,2024-12-01,2024-12-31,2025-01-05,2025-02-02,115865,118297,2432,KL,,INR,142482.0,25646.76,168128.76,,
AU-01-ELEC-202412,AU-01,4,Electricity,Southern Cross Energy Pty Ltd,SCE 4471 8890,97621202412,SCE-VIC-611470,202412,2024-12-01,2024-12-31,2025-01-04,2025-01-25,2745231,2866632,121401,kWh,267.1,AUD,37627.28,3762.73,41390.01,0.634,76968.2
AU-01-WATE-202412,AU-01,4,Water,Great Dividing Water Corp,GDW 7781 2043,14217202412,GDW-VIC-220884,202412,2024-12-01,2024-12-31,2025-01-04,2025-01-25,119596,122397,2801,kL,,AUD,13008.61,1300.86,14309.47,,
SG-01-ELEC-202501,SG-01,1,Electricity,Meridian Power Singapore Pte Ltd,MPS-4417-0891,MPS/2025/01/78721,MP-SG-118427,202501,2025-01-01,2025-01-31,2025-02-06,2025-03-06,3452031,3626970,174939,kWh,367.4,SGD,67203.13,6048.28,73251.41,0.412,72074.9
SG-01-WATE-202501,SG-01,1,Water,Island Water Authority,IWA-7734-2205,IWA/2025/01/10337,IW-SG-55031,202501,2025-01-01,2025-01-31,2025-02-06,2025-02-27,129067,132644,3577,Cu M,,SGD,18133.91,1632.05,19765.96,,
MY-01-ELEC-202501,MY-01,2,Electricity,Nusantara Elektrik Berhad,NEB 8802 4417 33,NEB202501065657,NEB-MY-902244,202501,2025-01-01,2025-01-31,2025-02-03,2025-02-24,3029715,3167681,137966,kWh,331.1,MYR,76542.95,6123.44,82666.39,0.585,80710.1
MY-01-WATE-202501,MY-01,2,Water,Selatan Air Sdn Bhd,SA 5590 1187 02,SA202501089875,SA-MY-441907,202501,2025-01-01,2025-01-31,2025-02-03,2025-02-24,125360,128498,3138,m3,,MYR,9186.96,734.96,9921.92,,
IN-01-ELEC-202501,IN-01,3,Electricity,Bharat Grid Utilities Ltd,BGU/HT/560110/4417,BGU-202501-0056185,BGU-KA-7742081,202501,2025-01-01,2025-01-31,2025-02-06,2025-02-27,2548124,2644837,96713,kWh,251.5,INR,962408.85,86616.8,1049025.65,0.716,69246.5
IN-01-WATE-202501,IN-01,3,Water,Deccan Water Board,DWB/IND/5621/8890,DWB-202501-0006144,DWB-KA-330914,202501,2025-01-01,2025-01-31,2025-02-04,2025-02-25,118297,120660,2363,KL,,INR,138445.5,24920.19,163365.69,,
AU-01-ELEC-202501,AU-01,4,Electricity,Southern Cross Energy Pty Ltd,SCE 4471 8890,16409202501,SCE-VIC-611470,202501,2025-01-01,2025-01-31,2025-02-04,2025-02-18,2866632,2998491,131859,kWh,290.1,AUD,40868.52,4086.85,44955.37,0.634,83598.6
AU-01-WATE-202501,AU-01,4,Water,Great Dividing Water Corp,GDW 7781 2043,23997202501,GDW-VIC-220884,202501,2025-01-01,2025-01-31,2025-02-03,2025-02-24,122397,125338,2941,kL,,AUD,13654.01,1365.4,15019.41,,
SG-01-ELEC-202502,SG-01,1,Electricity,Meridian Power Singapore Pte Ltd,MPS-4417-0891,MPS/2025/02/08301,MP-SG-118427,202502,2025-02-01,2025-02-28,2025-03-03,2025-03-24,3626970,3785573,158603,kWh,333.1,SGD,60927.73,5483.5,66411.23,0.412,65344.4
SG-01-WATE-202502,SG-01,1,Water,Island Water Authority,IWA-7734-2205,IWA/2025/02/49705,IW-SG-55031,202502,2025-02-01,2025-02-28,2025-03-05,2025-04-02,132644,135878,3234,Cu M,,SGD,16408.62,1476.78,17885.4,,
MY-01-ELEC-202502,MY-01,2,Electricity,Nusantara Elektrik Berhad,NEB 8802 4417 33,NEB202502073384,NEB-MY-902244,202502,2025-02-01,2025-02-28,2025-03-03,2025-03-17,3167681,3301554,133873,kWh,321.3,MYR,74272.89,5941.83,80214.72,0.585,78315.7
MY-01-WATE-202502,MY-01,2,Water,Selatan Air Sdn Bhd,SA 5590 1187 02,SA202502048468,SA-MY-441907,202502,2025-02-01,2025-02-28,2025-03-03,2025-03-24,128498,131487,2989,m3,,MYR,8751.88,700.15,9452.03,,
IN-01-ELEC-202502,IN-01,3,Electricity,Bharat Grid Utilities Ltd,BGU/HT/560110/4417,BGU-202502-0053843,BGU-KA-7742081,202502,2025-02-01,2025-02-28,2025-03-05,2025-03-26,2644837,2751923,107086,kWh,278.4,INR,1065603.7,95904.33,1161508.03,0.716,76673.6
IN-01-WATE-202502,IN-01,3,Water,Deccan Water Board,DWB/IND/5621/8890,DWB-202502-0065210,DWB-KA-330914,202502,2025-02-01,2025-02-28,2025-03-03,2025-03-24,120660,123312,2652,KL,,INR,155352.0,27963.36,183315.36,,
AU-01-ELEC-202502,AU-01,4,Electricity,Southern Cross Energy Pty Ltd,SCE 4471 8890,3727202502,SCE-VIC-611470,202502,2025-02-01,2025-02-28,2025-03-04,2025-03-18,2998491,3103993,105502,kWh,232.1,AUD,32699.23,3269.92,35969.15,0.634,66888.3
AU-01-WATE-202502,AU-01,4,Water,Great Dividing Water Corp,GDW 7781 2043,64402202502,GDW-VIC-220884,202502,2025-02-01,2025-02-28,2025-03-06,2025-03-20,125338,127739,2401,kL,,AUD,11164.61,1116.46,12281.07,,
SG-01-ELEC-202503,SG-01,1,Electricity,Meridian Power Singapore Pte Ltd,MPS-4417-0891,MPS/2025/03/28011,MP-SG-118427,202503,2025-03-01,2025-03-31,2025-04-04,2025-05-02,3785573,3941631,156058,kWh,327.7,SGD,59949.42,5395.45,65344.87,0.412,64295.9
SG-01-WATE-202503,SG-01,1,Water,Island Water Authority,IWA-7734-2205,IWA/2025/03/80943,IW-SG-55031,202503,2025-03-01,2025-03-31,2025-04-06,2025-04-27,135878,139157,3279,Cu M,,SGD,16634.97,1497.15,18132.12,,
MY-01-ELEC-202503,MY-01,2,Electricity,Nusantara Elektrik Berhad,NEB 8802 4417 33,NEB202503010731,NEB-MY-902244,202503,2025-03-01,2025-03-31,2025-04-04,2025-04-18,3301554,3459033,157479,kWh,377.9,MYR,87367.76,6989.42,94357.18,0.585,92125.2
MY-01-WATE-202503,MY-01,2,Water,Selatan Air Sdn Bhd,SA 5590 1187 02,SA202503087800,SA-MY-441907,202503,2025-03-01,2025-03-31,2025-04-06,2025-05-04,131487,135206,3719,m3,,MYR,10883.48,870.68,11754.16,,
IN-01-ELEC-202503,IN-01,3,Electricity,Bharat Grid Utilities Ltd,BGU/HT/560110/4417,BGU-202503-0054586,BGU-KA-7742081,202503,2025-03-01,2025-03-31,2025-04-06,2025-04-20,2751923,2864233,112310,kWh,292.0,INR,1117594.5,100583.5,1218178.0,0.716,80414.0
IN-01-WATE-202503,IN-01,3,Water,Deccan Water Board,DWB/IND/5621/8890,DWB-202503-0071231,DWB-KA-330914,202503,2025-03-01,2025-03-31,2025-04-05,2025-05-03,123312,126229,2917,KL,,INR,170854.5,30753.81,201608.31,,
AU-01-ELEC-202503,AU-01,4,Electricity,Southern Cross Energy Pty Ltd,SCE 4471 8890,60416202503,SCE-VIC-611470,202503,2025-03-01,2025-03-31,2025-04-06,2025-04-20,3103993,3219601,115608,kWh,254.3,AUD,35831.0,3583.1,39414.1,0.634,73295.5
AU-01-WATE-202503,AU-01,4,Water,Great Dividing Water Corp,GDW 7781 2043,93107202503,GDW-VIC-220884,202503,2025-03-01,2025-03-31,2025-04-04,2025-04-18,127739,130502,2763,kL,,AUD,12833.43,1283.34,14116.77,,
SG-01-ELEC-202504,SG-01,1,Electricity,Meridian Power Singapore Pte Ltd,MPS-4417-0891,MPS/2025/04/21325,MP-SG-118427,202504,2025-04-01,2025-04-30,2025-05-04,2025-05-18,3941631,4115467,173836,kWh,365.1,SGD,66779.61,6010.16,72789.77,0.412,71620.4
SG-01-WATE-202504,SG-01,1,Water,Island Water Authority,IWA-7734-2205,IWA/2025/04/58234,IW-SG-55031,202504,2025-04-01,2025-04-30,2025-05-03,2025-05-17,139157,142730,3573,Cu M,,SGD,18113.79,1630.24,19744.03,,
MY-01-ELEC-202504,MY-01,2,Electricity,Nusantara Elektrik Berhad,NEB 8802 4417 33,NEB202504026404,NEB-MY-902244,202504,2025-04-01,2025-04-30,2025-05-03,2025-05-24,3459033,3611842,152809,kWh,366.7,MYR,84777.09,6782.17,91559.26,0.585,89393.3
MY-01-WATE-202504,MY-01,2,Water,Selatan Air Sdn Bhd,SA 5590 1187 02,SA202504038688,SA-MY-441907,202504,2025-04-01,2025-04-30,2025-05-05,2025-05-26,135206,138818,3612,m3,,MYR,10571.04,845.68,11416.72,,
IN-01-ELEC-202504,IN-01,3,Electricity,Bharat Grid Utilities Ltd,BGU/HT/560110/4417,BGU-202504-0023645,BGU-KA-7742081,202504,2025-04-01,2025-04-30,2025-05-03,2025-05-24,2864233,2979207,114974,kWh,298.9,INR,1144093.8,102968.44,1247062.24,0.716,82321.4
IN-01-WATE-202504,IN-01,3,Water,Deccan Water Board,DWB/IND/5621/8890,DWB-202504-0071577,DWB-KA-330914,202504,2025-04-01,2025-04-30,2025-05-06,2025-05-27,126229,129128,2899,KL,,INR,169801.5,30564.27,200365.77,,
AU-01-ELEC-202504,AU-01,4,Electricity,Southern Cross Energy Pty Ltd,SCE 4471 8890,2701202504,SCE-VIC-611470,202504,2025-04-01,2025-04-30,2025-05-03,2025-05-31,3219601,3359189,139588,kWh,307.1,AUD,43263.99,4326.4,47590.39,0.634,88498.8
AU-01-WATE-202504,AU-01,4,Water,Great Dividing Water Corp,GDW 7781 2043,60285202504,GDW-VIC-220884,202504,2025-04-01,2025-04-30,2025-05-03,2025-05-17,130502,133555,3053,kL,,AUD,14170.33,1417.03,15587.36,,
SG-01-ELEC-202505,SG-01,1,Electricity,Meridian Power Singapore Pte Ltd,MPS-4417-0891,MPS/2025/05/16003,MP-SG-118427,202505,2025-05-01,2025-05-31,2025-06-04,2025-06-18,4115467,4294660,179193,kWh,376.3,SGD,68836.93,6195.32,75032.25,0.412,73827.5
SG-01-WATE-202505,SG-01,1,Water,Island Water Authority,IWA-7734-2205,IWA/2025/05/36424,IW-SG-55031,202505,2025-05-01,2025-05-31,2025-06-06,2025-06-27,142730,146216,3486,Cu M,,SGD,17676.18,1590.86,19267.04,,
MY-01-ELEC-202505,MY-01,2,Electricity,Nusantara Elektrik Berhad,NEB 8802 4417 33,NEB202505014891,NEB-MY-902244,202505,2025-05-01,2025-05-31,2025-06-06,2025-06-20,3611842,3770145,158303,kWh,379.9,MYR,87825.63,7026.05,94851.68,0.585,92607.3
MY-01-WATE-202505,MY-01,2,Water,Selatan Air Sdn Bhd,SA 5590 1187 02,SA202505020907,SA-MY-441907,202505,2025-05-01,2025-05-31,2025-06-04,2025-06-25,138818,142394,3576,m3,,MYR,10465.92,837.27,11303.19,,
IN-01-ELEC-202505,IN-01,3,Electricity,Bharat Grid Utilities Ltd,BGU/HT/560110/4417,BGU-202505-0050051,BGU-KA-7742081,202505,2025-05-01,2025-05-31,2025-06-03,2025-06-24,2979207,3091921,112714,kWh,293.1,INR,1121633.8,100947.04,1222580.84,0.716,80703.2
IN-01-WATE-202505,IN-01,3,Water,Deccan Water Board,DWB/IND/5621/8890,DWB-202505-0090533,DWB-KA-330914,202505,2025-05-01,2025-05-31,2025-06-04,2025-06-18,129128,131950,2822,KL,,INR,165297.0,29753.46,195050.46,,
AU-01-ELEC-202505,AU-01,4,Electricity,Southern Cross Energy Pty Ltd,SCE 4471 8890,62251202505,SCE-VIC-611470,202505,2025-05-01,2025-05-31,2025-06-05,2025-06-19,3359189,3512413,153224,kWh,337.1,AUD,47490.34,4749.03,52239.37,0.634,97144.0
AU-01-WATE-202505,AU-01,4,Water,Great Dividing Water Corp,GDW 7781 2043,57844202505,GDW-VIC-220884,202505,2025-05-01,2025-05-31,2025-06-03,2025-06-24,133555,136970,3415,kL,,AUD,15839.15,1583.91,17423.06,,
SG-01-ELEC-202506,SG-01,1,Electricity,Meridian Power Singapore Pte Ltd,MPS-4417-0891,MPS/2025/06/85553,MP-SG-118427,202506,2025-06-01,2025-06-30,2025-07-06,2025-07-27,4294660,4473357,178697,kWh,375.3,SGD,68646.86,6178.22,74825.08,0.412,73623.2
SG-01-WATE-202506,SG-01,1,Water,Island Water Authority,IWA-7734-2205,IWA/2025/06/39955,IW-SG-55031,202506,2025-06-01,2025-06-30,2025-07-03,2025-07-24,146216,149753,3537,Cu M,,SGD,17932.71,1613.94,19546.65,,
MY-01-ELEC-202506,MY-01,2,Electricity,Nusantara Elektrik Berhad,NEB 8802 4417 33,NEB202506074788,NEB-MY-902244,202506,2025-06-01,2025-06-30,2025-07-03,2025-07-24,3770145,3920006,149861,kWh,359.7,MYR,83143.96,6651.52,89795.48,0.585,87668.7
MY-01-WATE-202506,MY-01,2,Water,Selatan Air Sdn Bhd,SA 5590 1187 02,SA202506043256,SA-MY-441907,202506,2025-06-01,2025-06-30,2025-07-06,2025-07-20,142394,145728,3334,m3,,MYR,9759.28,780.74,10540.02,,
IN-01-ELEC-202506,IN-01,3,Electricity,Bharat Grid Utilities Ltd,BGU/HT/560110/4417,BGU-202506-0099588,BGU-KA-7742081,202506,2025-06-01,2025-06-30,2025-07-06,2025-08-03,3091921,3212752,120831,kWh,314.2,INR,1202404.45,108216.4,1310620.85,0.716,86515.0
IN-01-WATE-202506,IN-01,3,Water,Deccan Water Board,DWB/IND/5621/8890,DWB-202506-0065892,DWB-KA-330914,202506,2025-06-01,2025-06-30,2025-07-05,2025-08-02,131950,135015,3065,KL,,INR,179512.5,32312.25,211824.75,,
AU-01-ELEC-202506,AU-01,4,Electricity,Southern Cross Energy Pty Ltd,SCE 4471 8890,65748202506,SCE-VIC-611470,202506,2025-06-01,2025-06-30,2025-07-06,2025-07-27,3512413,3654391,141978,kWh,312.4,AUD,44005.35,4400.53,48405.88,0.634,90014.1
AU-01-WATE-202506,AU-01,4,Water,Great Dividing Water Corp,GDW 7781 2043,14213202506,GDW-VIC-220884,202506,2025-06-01,2025-06-30,2025-07-06,2025-08-03,136970,140236,3266,kL,,AUD,15152.26,1515.23,16667.49,,
SG-01-ELEC-202507,SG-01,1,Electricity,Meridian Power Singapore Pte Ltd,MPS-4417-0891,MPS/2025/07/06732,MP-SG-118427,202507,2025-07-01,2025-07-31,2025-08-06,2025-09-03,4473357,4669203,195846,kWh,411.3,SGD,75234.51,6771.11,82005.62,0.412,80688.6
SG-01-WATE-202507,SG-01,1,Water,Island Water Authority,IWA-7734-2205,IWA/2025/07/13942,IW-SG-55031,202507,2025-07-01,2025-07-31,2025-08-03,2025-08-17,149753,153701,3948,Cu M,,SGD,20000.04,1800.0,21800.04,,
MY-01-ELEC-202507,MY-01,2,Electricity,Nusantara Elektrik Berhad,NEB 8802 4417 33,NEB202507013403,NEB-MY-902244,202507,2025-07-01,2025-07-31,2025-08-05,2025-09-02,3920006,4067412,147406,kWh,353.8,MYR,81781.67,6542.53,88324.2,0.585,86232.5
MY-01-WATE-202507,MY-01,2,Water,Selatan Air Sdn Bhd,SA 5590 1187 02,SA202507063510,SA-MY-441907,202507,2025-07-01,2025-07-31,2025-08-05,2025-08-26,145728,149052,3324,m3,,MYR,9730.08,778.41,10508.49,,
IN-01-ELEC-202507,IN-01,3,Electricity,Bharat Grid Utilities Ltd,BGU/HT/560110/4417,BGU-202507-0017929,BGU-KA-7742081,202507,2025-07-01,2025-07-31,2025-08-04,2025-08-25,3212752,3322783,110031,kWh,286.1,INR,1094925.95,98543.34,1193469.29,0.716,78782.2
IN-01-WATE-202507,IN-01,3,Water,Deccan Water Board,DWB/IND/5621/8890,DWB-202507-0042077,DWB-KA-330914,202507,2025-07-01,2025-07-31,2025-08-06,2025-08-20,135015,137666,2651,KL,,INR,155293.5,27952.83,183246.33,,
AU-01-ELEC-202507,AU-01,4,Electricity,Southern Cross Energy Pty Ltd,SCE 4471 8890,57948202507,SCE-VIC-611470,202507,2025-07-01,2025-07-31,2025-08-03,2025-08-31,3654391,3801863,147472,kWh,324.4,AUD,45706.93,4570.69,50277.62,0.634,93497.2
AU-01-WATE-202507,AU-01,4,Water,Great Dividing Water Corp,GDW 7781 2043,73150202507,GDW-VIC-220884,202507,2025-07-01,2025-07-31,2025-08-05,2025-08-26,140236,143403,3167,kL,,AUD,14695.87,1469.59,16165.46,,
SG-01-ELEC-202508,SG-01,1,Electricity,Meridian Power Singapore Pte Ltd,MPS-4417-0891,MPS/2025/08/72605,MP-SG-118427,202508,2025-08-01,2025-08-31,2025-09-04,2025-09-25,4669203,4844424,175221,kWh,368.0,SGD,67311.55,6058.04,73369.59,0.412,72191.1
SG-01-WATE-202508,SG-01,1,Water,Island Water Authority,IWA-7734-2205,IWA/2025/08/44807,IW-SG-55031,202508,2025-08-01,2025-08-31,2025-09-04,2025-09-18,153701,157014,3313,Cu M,,SGD,16805.99,1512.54,18318.53,,
MY-01-ELEC-202508,MY-01,2,Electricity,Nusantara Elektrik Berhad,NEB 8802 4417 33,NEB202508023058,NEB-MY-902244,202508,2025-08-01,2025-08-31,2025-09-03,2025-09-17,4067412,4215731,148319,kWh,356.0,MYR,82288.47,6583.08,88871.55,0.585,86766.6
MY-01-WATE-202508,MY-01,2,Water,Selatan Air Sdn Bhd,SA 5590 1187 02,SA202508077578,SA-MY-441907,202508,2025-08-01,2025-08-31,2025-09-04,2025-09-25,149052,152446,3394,m3,,MYR,9934.48,794.76,10729.24,,
IN-01-ELEC-202508,IN-01,3,Electricity,Bharat Grid Utilities Ltd,BGU/HT/560110/4417,BGU-202508-0009115,BGU-KA-7742081,202508,2025-08-01,2025-08-31,2025-09-06,2025-09-20,3322783,3420120,97337,kWh,253.1,INR,968609.65,87174.87,1055784.52,0.716,69693.3
IN-01-WATE-202508,IN-01,3,Water,Deccan Water Board,DWB/IND/5621/8890,DWB-202508-0048063,DWB-KA-330914,202508,2025-08-01,2025-08-31,2025-09-03,2025-10-01,137666,140029,2363,KL,,INR,138445.5,24920.19,163365.69,,
AU-01-ELEC-202508,AU-01,4,Electricity,Southern Cross Energy Pty Ltd,SCE 4471 8890,42268202508,SCE-VIC-611470,202508,2025-08-01,2025-08-31,2025-09-06,2025-09-27,3801863,3970443,168580,kWh,370.9,AUD,52250.02,5225.0,57475.02,0.634,106879.7
AU-01-WATE-202508,AU-01,4,Water,Great Dividing Water Corp,GDW 7781 2043,64420202508,GDW-VIC-220884,202508,2025-08-01,2025-08-31,2025-09-03,2025-10-01,143403,147041,3638,kL,,AUD,16867.18,1686.72,18553.9,,
SG-01-ELEC-202509,SG-01,1,Electricity,Meridian Power Singapore Pte Ltd,MPS-4417-0891,MPS/2025/09/76568,MP-SG-118427,202509,2025-09-01,2025-09-30,2025-10-06,2025-11-03,4844424,5015577,171153,kWh,359.4,SGD,65748.17,5917.34,71665.51,0.412,70515.0
SG-01-WATE-202509,SG-01,1,Water,Island Water Authority,IWA-7734-2205,IWA/2025/09/54286,IW-SG-55031,202509,2025-09-01,2025-09-30,2025-10-03,2025-10-31,157014,160415,3401,Cu M,,SGD,17248.63,1552.38,18801.01,,
MY-01-ELEC-202509,MY-01,2,Electricity,Nusantara Elektrik Berhad,NEB 8802 4417 33,NEB202509034267,NEB-MY-902244,202509,2025-09-01,2025-09-30,2025-10-06,2025-11-03,4215731,4354055,138324,kWh,332.0,MYR,76742.87,6139.43,82882.3,0.585,80919.5
MY-01-WATE-202509,MY-01,2,Water,Selatan Air Sdn Bhd,SA 5590 1187 02,SA202509080835,SA-MY-441907,202509,2025-09-01,2025-09-30,2025-10-03,2025-10-24,152446,155457,3011,m3,,MYR,8816.12,705.29,9521.41,,
IN-01-ELEC-202509,IN-01,3,Electricity,Bharat Grid Utilities Ltd,BGU/HT/560110/4417,BGU-202509-0021335,BGU-KA-7742081,202509,2025-09-01,2025-09-30,2025-10-06,2025-10-27,3420120,3530149,110029,kWh,286.1,INR,1094908.05,98541.72,1193449.77,0.716,78780.8
IN-01-WATE-202509,IN-01,3,Water,Deccan Water Board,DWB/IND/5621/8890,DWB-202509-0099285,DWB-KA-330914,202509,2025-09-01,2025-09-30,2025-10-04,2025-10-25,140029,142725,2696,KL,,INR,157926.0,28426.68,186352.68,,
AU-01-ELEC-202509,AU-01,4,Electricity,Southern Cross Energy Pty Ltd,SCE 4471 8890,68815202509,SCE-VIC-611470,202509,2025-09-01,2025-09-30,2025-10-05,2025-11-02,3970443,4125578,155135,kWh,341.3,AUD,48082.59,4808.26,52890.85,0.634,98355.6
AU-01-WATE-202509,AU-01,4,Water,Great Dividing Water Corp,GDW 7781 2043,61211202509,GDW-VIC-220884,202509,2025-09-01,2025-09-30,2025-10-03,2025-10-17,147041,150348,3307,kL,,AUD,15341.27,1534.13,16875.4,,
SG-01-ELEC-202510,SG-01,1,Electricity,Meridian Power Singapore Pte Ltd,MPS-4417-0891,MPS/2025/10/63703,MP-SG-118427,202510,2025-10-01,2025-10-31,2025-11-03,2025-11-24,5015577,5182228,166651,kWh,350.0,SGD,64019.35,5761.74,69781.09,0.412,68660.2
SG-01-WATE-202510,SG-01,1,Water,Island Water Authority,IWA-7734-2205,IWA/2025/10/22767,IW-SG-55031,202510,2025-10-01,2025-10-31,2025-11-04,2025-12-02,160415,163815,3400,Cu M,,SGD,17243.6,1551.92,18795.52,,
MY-01-ELEC-202510,MY-01,2,Electricity,Nusantara Elektrik Berhad,NEB 8802 4417 33,NEB202510038546,NEB-MY-902244,202510,2025-10-01,2025-10-31,2025-11-05,2025-12-03,4354055,4502606,148551,kWh,356.5,MYR,82415.38,6593.23,89008.61,0.585,86902.3
MY-01-WATE-202510,MY-01,2,Water,Selatan Air Sdn Bhd,SA 5590 1187 02,SA202510034233,SA-MY-441907,202510,2025-10-01,2025-10-31,2025-11-04,2025-12-02,155457,158774,3317,m3,,MYR,9709.64,776.77,10486.41,,
IN-01-ELEC-202510,IN-01,3,Electricity,Bharat Grid Utilities Ltd,BGU/HT/560110/4417,BGU-202510-0020010,BGU-KA-7742081,202510,2025-10-01,2025-10-31,2025-11-03,2025-11-24,3530149,3634503,104354,kWh,271.3,INR,1038418.8,93457.69,1131876.49,0.716,74717.5
IN-01-WATE-202510,IN-01,3,Water,Deccan Water Board,DWB/IND/5621/8890,DWB-202510-0098343,DWB-KA-330914,202510,2025-10-01,2025-10-31,2025-11-03,2025-11-24,142725,145265,2540,KL,,INR,148800.0,26784.0,175584.0,,
AU-01-ELEC-202510,AU-01,4,Electricity,Southern Cross Energy Pty Ltd,SCE 4471 8890,55264202510,SCE-VIC-611470,202510,2025-10-01,2025-10-31,2025-11-06,2025-12-04,4125578,4259336,133758,kWh,294.3,AUD,41457.41,4145.74,45603.15,0.634,84802.6
AU-01-WATE-202510,AU-01,4,Water,Great Dividing Water Corp,GDW 7781 2043,94002202510,GDW-VIC-220884,202510,2025-10-01,2025-10-31,2025-11-05,2025-11-26,150348,153225,2877,kL,,AUD,13358.97,1335.9,14694.87,,
SG-01-ELEC-202511,SG-01,1,Electricity,Meridian Power Singapore Pte Ltd,MPS-4417-0891,MPS/2025/11/01737,MP-SG-118427,202511,2025-11-01,2025-11-30,2025-12-06,2026-01-03,5182228,5349230,167002,kWh,350.7,SGD,64153.77,5773.84,69927.61,0.412,68804.8
SG-01-WATE-202511,SG-01,1,Water,Island Water Authority,IWA-7734-2205,IWA/2025/11/57857,IW-SG-55031,202511,2025-11-01,2025-11-30,2025-12-04,2026-01-01,163815,167016,3201,Cu M,,SGD,16242.63,1461.84,17704.47,,
MY-01-ELEC-202511,MY-01,2,Electricity,Nusantara Elektrik Berhad,NEB 8802 4417 33,NEB202511067016,NEB-MY-902244,202511,2025-11-01,2025-11-30,2025-12-06,2025-12-20,4502606,4643062,140456,kWh,337.1,MYR,77925.17,6234.01,84159.18,0.585,82166.8
MY-01-WATE-202511,MY-01,2,Water,Selatan Air Sdn Bhd,SA 5590 1187 02,SA202511045432,SA-MY-441907,202511,2025-11-01,2025-11-30,2025-12-06,2025-12-27,158774,161911,3137,m3,,MYR,9184.04,734.72,9918.76,,
IN-01-ELEC-202511,IN-01,3,Electricity,Bharat Grid Utilities Ltd,BGU/HT/560110/4417,BGU-202511-0030535,BGU-KA-7742081,202511,2025-11-01,2025-11-30,2025-12-06,2025-12-27,3634503,3733679,99176,kWh,257.9,INR,986916.7,88822.5,1075739.2,0.716,71010.0
IN-01-WATE-202511,IN-01,3,Water,Deccan Water Board,DWB/IND/5621/8890,DWB-202511-0047255,DWB-KA-330914,202511,2025-11-01,2025-11-30,2025-12-04,2026-01-01,145265,147667,2402,KL,,INR,140727.0,25330.86,166057.86,,
AU-01-ELEC-202511,AU-01,4,Electricity,Southern Cross Energy Pty Ltd,SCE 4471 8890,28172202511,SCE-VIC-611470,202511,2025-11-01,2025-11-30,2025-12-03,2025-12-24,4259336,4388834,129498,kWh,284.9,AUD,40136.67,4013.67,44150.34,0.634,82101.7
AU-01-WATE-202511,AU-01,4,Water,Great Dividing Water Corp,GDW 7781 2043,69442202511,GDW-VIC-220884,202511,2025-11-01,2025-11-30,2025-12-04,2025-12-25,153225,156199,2974,kL,,AUD,13806.14,1380.61,15186.75,,
SG-01-ELEC-202512,SG-01,1,Electricity,Meridian Power Singapore Pte Ltd,MPS-4417-0891,MPS/2025/12/95183,MP-SG-118427,202512,2025-12-01,2025-12-31,2026-01-06,2026-01-20,5349230,5530871,181641,kWh,381.4,SGD,69776.86,6279.92,76056.78,0.412,74836.1
SG-01-WATE-202512,SG-01,1,Water,Island Water Authority,IWA-7734-2205,IWA/2025/12/17937,IW-SG-55031,202512,2025-12-01,2025-12-31,2026-01-04,2026-01-25,167016,170516,3500,Cu M,,SGD,17746.6,1597.19,19343.79,,
MY-01-ELEC-202512,MY-01,2,Electricity,Nusantara Elektrik Berhad,NEB 8802 4417 33,NEB202512034695,NEB-MY-902244,202512,2025-12-01,2025-12-31,2026-01-04,2026-02-01,4643062,4782548,139486,kWh,334.8,MYR,77387.91,6191.03,83578.94,0.585,81599.3
MY-01-WATE-202512,MY-01,2,Water,Selatan Air Sdn Bhd,SA 5590 1187 02,SA202512030195,SA-MY-441907,202512,2025-12-01,2025-12-31,2026-01-03,2026-01-24,161911,165221,3310,m3,,MYR,9689.2,775.14,10464.34,,
IN-01-ELEC-202512,IN-01,3,Electricity,Bharat Grid Utilities Ltd,BGU/HT/560110/4417,BGU-202512-0040828,BGU-KA-7742081,202512,2025-12-01,2025-12-31,2026-01-06,2026-01-20,3733679,3837400,103721,kWh,269.7,INR,1032137.45,92892.37,1125029.82,0.716,74264.2
IN-01-WATE-202512,IN-01,3,Water,Deccan Water Board,DWB/IND/5621/8890,DWB-202512-0014225,DWB-KA-330914,202512,2025-12-01,2025-12-31,2026-01-06,2026-01-20,147667,150192,2525,KL,,INR,147922.5,26626.05,174548.55,,
AU-01-ELEC-202512,AU-01,4,Electricity,Southern Cross Energy Pty Ltd,SCE 4471 8890,14230202512,SCE-VIC-611470,202512,2025-12-01,2025-12-31,2026-01-05,2026-02-02,4388834,4496060,107226,kWh,235.9,AUD,33233.67,3323.37,36557.04,0.634,67981.3
AU-01-WATE-202512,AU-01,4,Water,Great Dividing Water Corp,GDW 7781 2043,10715202512,GDW-VIC-220884,202512,2025-12-01,2025-12-31,2026-01-05,2026-02-02,156199,158568,2369,kL,,AUD,11017.09,1101.71,12118.8,,
SG-01-ELEC-202601,SG-01,1,Electricity,Meridian Power Singapore Pte Ltd,MPS-4417-0891,MPS/2026/01/58122,MP-SG-118427,202601,2026-01-01,2026-01-31,2026-02-03,2026-03-03,5530871,5705537,174666,kWh,366.8,SGD,67097.96,6038.82,73136.78,0.412,71962.4
SG-01-WATE-202601,SG-01,1,Water,Island Water Authority,IWA-7734-2205,IWA/2026/01/47873,IW-SG-55031,202601,2026-01-01,2026-01-31,2026-02-04,2026-02-18,170516,174090,3574,Cu M,,SGD,18118.82,1630.69,19749.51,,
MY-01-ELEC-202601,MY-01,2,Electricity,Nusantara Elektrik Berhad,NEB 8802 4417 33,NEB202601076325,NEB-MY-902244,202601,2026-01-01,2026-01-31,2026-02-03,2026-03-03,4782548,4927705,145157,kWh,348.4,MYR,80533.84,6442.71,86976.55,0.585,84916.8
MY-01-WATE-202601,MY-01,2,Water,Selatan Air Sdn Bhd,SA 5590 1187 02,SA202601031593,SA-MY-441907,202601,2026-01-01,2026-01-31,2026-02-06,2026-02-27,165221,168374,3153,m3,,MYR,9230.76,738.46,9969.22,,
IN-01-ELEC-202601,IN-01,3,Electricity,Bharat Grid Utilities Ltd,BGU/HT/560110/4417,BGU-202601-0091188,BGU-KA-7742081,202601,2026-01-01,2026-01-31,2026-02-05,2026-03-05,3837400,3939915,102515,kWh,266.5,INR,1020111.75,91810.06,1111921.81,0.716,73400.7
IN-01-WATE-202601,IN-01,3,Water,Deccan Water Board,DWB/IND/5621/8890,DWB-202601-0049819,DWB-KA-330914,202601,2026-01-01,2026-01-31,2026-02-03,2026-03-03,150192,152665,2473,KL,,INR,144880.5,26078.49,170958.99,,
AU-01-ELEC-202601,AU-01,4,Electricity,Southern Cross Energy Pty Ltd,SCE 4471 8890,61874202601,SCE-VIC-611470,202601,2026-01-01,2026-01-31,2026-02-03,2026-02-17,4496060,4610794,114734,kWh,252.4,AUD,35560.45,3556.05,39116.5,0.634,72741.4
AU-01-WATE-202601,AU-01,4,Water,Great Dividing Water Corp,GDW 7781 2043,85936202601,GDW-VIC-220884,202601,2026-01-01,2026-01-31,2026-02-03,2026-02-24,158568,161013,2445,kL,,AUD,11367.45,1136.75,12504.2,,
SG-01-ELEC-202602,SG-01,1,Electricity,Meridian Power Singapore Pte Ltd,MPS-4417-0891,MPS/2026/02/58220,MP-SG-118427,202602,2026-02-01,2026-02-28,2026-03-04,2026-04-01,5705537,5858107,152570,kWh,320.4,SGD,58609.8,5274.88,63884.68,0.412,62858.8
SG-01-WATE-202602,SG-01,1,Water,Island Water Authority,IWA-7734-2205,IWA/2026/02/71538,IW-SG-55031,202602,2026-02-01,2026-02-28,2026-03-06,2026-03-20,174090,177288,3198,Cu M,,SGD,16227.54,1460.48,17688.02,,
MY-01-ELEC-202602,MY-01,2,Electricity,Nusantara Elektrik Berhad,NEB 8802 4417 33,NEB202602069428,NEB-MY-902244,202602,2026-02-01,2026-02-28,2026-03-05,2026-03-19,4927705,5069130,141425,kWh,339.4,MYR,78461.95,6276.96,84738.91,0.585,82733.6
MY-01-WATE-202602,MY-01,2,Water,Selatan Air Sdn Bhd,SA 5590 1187 02,SA202602057218,SA-MY-441907,202602,2026-02-01,2026-02-28,2026-03-06,2026-04-03,168374,171456,3082,m3,,MYR,9023.44,721.88,9745.32,,
IN-01-ELEC-202602,IN-01,3,Electricity,Bharat Grid Utilities Ltd,BGU/HT/560110/4417,BGU-202602-0063523,BGU-KA-7742081,202602,2026-02-01,2026-02-28,2026-03-06,2026-03-20,3939915,4046874,106959,kWh,278.1,INR,1064351.55,95791.64,1160143.19,0.716,76582.6
IN-01-WATE-202602,IN-01,3,Water,Deccan Water Board,DWB/IND/5621/8890,DWB-202602-0073410,DWB-KA-330914,202602,2026-02-01,2026-02-28,2026-03-03,2026-03-31,152665,155379,2714,KL,,INR,158979.0,28616.22,187595.22,,
AU-01-ELEC-202602,AU-01,4,Electricity,Southern Cross Energy Pty Ltd,SCE 4471 8890,66210202602,SCE-VIC-611470,202602,2026-02-01,2026-02-28,2026-03-04,2026-03-25,4610794,4725946,115152,kWh,253.3,AUD,35689.72,3568.97,39258.69,0.634,73006.4
AU-01-WATE-202602,AU-01,4,Water,Great Dividing Water Corp,GDW 7781 2043,87940202602,GDW-VIC-220884,202602,2026-02-01,2026-02-28,2026-03-05,2026-03-19,161013,163577,2564,kL,,AUD,11916.04,1191.6,13107.64,,
SG-01-ELEC-202603,SG-01,1,Electricity,Meridian Power Singapore Pte Ltd,MPS-4417-0891,MPS/2026/03/64969,MP-SG-118427,202603,2026-03-01,2026-03-31,2026-04-06,2026-04-20,5858107,6011499,153392,kWh,322.1,SGD,58925.27,5303.27,64228.54,0.412,63197.5
SG-01-WATE-202603,SG-01,1,Water,Island Water Authority,IWA-7734-2205,IWA/2026/03/38406,IW-SG-55031,202603,2026-03-01,2026-03-31,2026-04-04,2026-05-02,177288,180459,3171,Cu M,,SGD,16091.73,1448.26,17539.99,,
MY-01-ELEC-202603,MY-01,2,Electricity,Nusantara Elektrik Berhad,NEB 8802 4417 33,NEB202603081967,NEB-MY-902244,202603,2026-03-01,2026-03-31,2026-04-04,2026-05-02,5069130,5220849,151719,kWh,364.1,MYR,84172.87,6733.83,90906.7,0.585,88755.6
MY-01-WATE-202603,MY-01,2,Water,Selatan Air Sdn Bhd,SA 5590 1187 02,SA202603053637,SA-MY-441907,202603,2026-03-01,2026-03-31,2026-04-06,2026-04-20,171456,174829,3373,m3,,MYR,9873.16,789.85,10663.01,,
IN-01-ELEC-202603,IN-01,3,Electricity,Bharat Grid Utilities Ltd,BGU/HT/560110/4417,BGU-202603-0083244,BGU-KA-7742081,202603,2026-03-01,2026-03-31,2026-04-05,2026-04-19,4046874,4166565,119691,kWh,311.2,INR,1191046.45,107194.18,1298240.63,0.716,85698.8
IN-01-WATE-202603,IN-01,3,Water,Deccan Water Board,DWB/IND/5621/8890,DWB-202603-0035968,DWB-KA-330914,202603,2026-03-01,2026-03-31,2026-04-05,2026-04-19,155379,158254,2875,KL,,INR,168397.5,30311.55,198709.05,,
AU-01-ELEC-202603,AU-01,4,Electricity,Southern Cross Energy Pty Ltd,SCE 4471 8890,39891202603,SCE-VIC-611470,202603,2026-03-01,2026-03-31,2026-04-05,2026-05-03,4725946,4847050,121104,kWh,266.4,AUD,37534.57,3753.46,41288.03,0.634,76779.9
AU-01-WATE-202603,AU-01,4,Water,Great Dividing Water Corp,GDW 7781 2043,54332202603,GDW-VIC-220884,202603,2026-03-01,2026-03-31,2026-04-06,2026-04-20,163577,166479,2902,kL,,AUD,13474.22,1347.42,14821.64,,
SG-01-ELEC-202604,SG-01,1,Electricity,Meridian Power Singapore Pte Ltd,MPS-4417-0891,MPS/2026/04/91001,MP-SG-118427,202604,2026-04-01,2026-04-30,2026-05-04,2026-05-18,6011499,6190237,178738,kWh,375.3,SGD,68661.63,6179.55,74841.18,0.412,73640.1
SG-01-WATE-202604,SG-01,1,Water,Island Water Authority,IWA-7734-2205,IWA/2026/04/04230,IW-SG-55031,202604,2026-04-01,2026-04-30,2026-05-04,2026-06-01,180459,183870,3411,Cu M,,SGD,17298.93,1556.9,18855.83,,
MY-01-ELEC-202604,MY-01,2,Electricity,Nusantara Elektrik Berhad,NEB 8802 4417 33,NEB202604011155,NEB-MY-902244,202604,2026-04-01,2026-04-30,2026-05-04,2026-05-18,5220849,5359032,138183,kWh,331.6,MYR,76662.68,6133.01,82795.69,0.585,80837.1
MY-01-WATE-202604,MY-01,2,Water,Selatan Air Sdn Bhd,SA 5590 1187 02,SA202604012449,SA-MY-441907,202604,2026-04-01,2026-04-30,2026-05-03,2026-05-24,174829,178105,3276,m3,,MYR,9589.92,767.19,10357.11,,
IN-01-ELEC-202604,IN-01,3,Electricity,Bharat Grid Utilities Ltd,BGU/HT/560110/4417,BGU-202604-0002682,BGU-KA-7742081,202604,2026-04-01,2026-04-30,2026-05-05,2026-06-02,4166565,4286807,120242,kWh,312.6,INR,1196516.9,107686.52,1304203.42,0.716,86093.3
IN-01-WATE-202604,IN-01,3,Water,Deccan Water Board,DWB/IND/5621/8890,DWB-202604-0096774,DWB-KA-330914,202604,2026-04-01,2026-04-30,2026-05-05,2026-06-02,158254,161232,2978,KL,,INR,174423.0,31396.14,205819.14,,
AU-01-ELEC-202604,AU-01,4,Electricity,Southern Cross Energy Pty Ltd,SCE 4471 8890,75789202604,SCE-VIC-611470,202604,2026-04-01,2026-04-30,2026-05-04,2026-05-18,4847050,4970492,123442,kWh,271.6,AUD,38260.01,3826.0,42086.01,0.634,78262.2
AU-01-WATE-202604,AU-01,4,Water,Great Dividing Water Corp,GDW 7781 2043,12962202604,GDW-VIC-220884,202604,2026-04-01,2026-04-30,2026-05-06,2026-05-20,166479,169258,2779,kL,,AUD,12907.19,1290.72,14197.91,,
SG-01-ELEC-202605,SG-01,1,Electricity,Meridian Power Singapore Pte Ltd,MPS-4417-0891,MPS/2026/05/88889,MP-SG-118427,202605,2026-05-01,2026-05-31,2026-06-04,2026-07-02,6190237,6378938,188701,kWh,396.3,SGD,72489.8,6524.08,79013.88,0.412,77744.8
SG-01-WATE-202605,SG-01,1,Water,Island Water Authority,IWA-7734-2205,IWA/2026/05/19745,IW-SG-55031,202605,2026-05-01,2026-05-31,2026-06-04,2026-06-18,183870,187621,3751,Cu M,,SGD,19009.13,1710.82,20719.95,,
MY-01-ELEC-202605,MY-01,2,Electricity,Nusantara Elektrik Berhad,NEB 8802 4417 33,NEB202605023337,NEB-MY-902244,202605,2026-05-01,2026-05-31,2026-06-05,2026-06-26,5359032,5494797,135765,kWh,325.8,MYR,75321.27,6025.7,81346.97,0.585,79422.5
MY-01-WATE-202605,MY-01,2,Water,Selatan Air Sdn Bhd,SA 5590 1187 02,SA202605054890,SA-MY-441907,202605,2026-05-01,2026-05-31,2026-06-04,2026-07-02,178105,181164,3059,m3,,MYR,8956.28,716.5,9672.78,,
IN-01-ELEC-202605,IN-01,3,Electricity,Bharat Grid Utilities Ltd,BGU/HT/560110/4417,BGU-202605-0045351,BGU-KA-7742081,202605,2026-05-01,2026-05-31,2026-06-03,2026-07-01,4286807,4414541,127734,kWh,332.1,INR,1271077.8,114397.0,1385474.8,0.716,91457.5
IN-01-WATE-202605,IN-01,3,Water,Deccan Water Board,DWB/IND/5621/8890,DWB-202605-0081792,DWB-KA-330914,202605,2026-05-01,2026-05-31,2026-06-04,2026-07-02,161232,164471,3239,KL,,INR,189691.5,34144.47,223835.97,,
AU-01-ELEC-202605,AU-01,4,Electricity,Southern Cross Energy Pty Ltd,SCE 4471 8890,1876202605,SCE-VIC-611470,202605,2026-05-01,2026-05-31,2026-06-04,2026-07-02,4970492,5112746,142254,kWh,313.0,AUD,44090.79,4409.08,48499.87,0.634,90189.0
AU-01-WATE-202605,AU-01,4,Water,Great Dividing Water Corp,GDW 7781 2043,58344202605,GDW-VIC-220884,202605,2026-05-01,2026-05-31,2026-06-05,2026-07-03,169258,172441,3183,kL,,AUD,14769.63,1476.96,16246.59,,
SG-01-ELEC-202606,SG-01,1,Electricity,Meridian Power Singapore Pte Ltd,MPS-4417-0891,MPS/2026/06/34420,MP-SG-118427,202606,2026-06-01,2026-06-30,2026-07-04,2026-07-25,6378938,6563487,184549,kWh,387.6,SGD,70895.04,6380.55,77275.59,0.412,76034.2
SG-01-WATE-202606,SG-01,1,Water,Island Water Authority,IWA-7734-2205,IWA/2026/06/22700,IW-SG-55031,202606,2026-06-01,2026-06-30,2026-07-06,2026-07-20,187621,191162,3541,Cu M,,SGD,17952.83,1615.75,19568.58,,
MY-01-ELEC-202606,MY-01,2,Electricity,Nusantara Elektrik Berhad,NEB 8802 4417 33,NEB202606019520,NEB-MY-902244,202606,2026-06-01,2026-06-30,2026-07-03,2026-07-31,5494797,5644950,150153,kWh,360.4,MYR,83305.94,6664.48,89970.42,0.585,87839.5
MY-01-WATE-202606,MY-01,2,Water,Selatan Air Sdn Bhd,SA 5590 1187 02,SA202606075482,SA-MY-441907,202606,2026-06-01,2026-06-30,2026-07-04,2026-07-18,181164,184726,3562,m3,,MYR,10425.04,834.0,11259.04,,
IN-01-ELEC-202606,IN-01,3,Electricity,Bharat Grid Utilities Ltd,BGU/HT/560110/4417,BGU-202606-0025590,BGU-KA-7742081,202606,2026-06-01,2026-06-30,2026-07-04,2026-07-18,4414541,4533133,118592,kWh,308.3,INR,1180093.9,106208.45,1286302.35,0.716,84911.9
IN-01-WATE-202606,IN-01,3,Water,Deccan Water Board,DWB/IND/5621/8890,DWB-202606-0060407,DWB-KA-330914,202606,2026-06-01,2026-06-30,2026-07-05,2026-07-26,164471,167384,2913,KL,,INR,170620.5,30711.69,201332.19,,
AU-01-ELEC-202606,AU-01,4,Electricity,Southern Cross Energy Pty Ltd,SCE 4471 8890,56629202606,SCE-VIC-611470,202606,2026-06-01,2026-06-30,2026-07-05,2026-08-02,5112746,5260904,148158,kWh,325.9,AUD,45919.41,4591.94,50511.35,0.634,93932.2
AU-01-WATE-202606,AU-01,4,Water,Great Dividing Water Corp,GDW 7781 2043,78712202606,GDW-VIC-220884,202606,2026-06-01,2026-06-30,2026-07-06,2026-08-03,172441,175860,3419,kL,,AUD,15857.59,1585.76,17443.35,,
