document_id,relative_path,file_name,plant_code,utility_type,billing_period,provider_name,layout,render_mode,degradation,byte_size,sha256
SG-01-ELEC-202401,202401/SG-01-ELEC-202401.pdf,SG-01-ELEC-202401.pdf,SG-01,Electricity,202401,Meridian Power Singapore Pte Ltd,meridian,digital,none,4066,db00a9d5f1a8803eff51bbc6f924307aa474c7fe805035018aa027c57c983edc
SG-01-WATE-202401,202401/SG-01-WATE-202401.pdf,SG-01-WATE-202401.pdf,SG-01,Water,202401,Island Water Authority,meridian,digital,none,3794,9d7c37f4d52462956f233a6e84711dfc10f959a1d6334fa5ada181585afbf1ed
MY-01-ELEC-202401,202401/MY-01-ELEC-202401.pdf,MY-01-ELEC-202401.pdf,MY-01,Electricity,202401,Nusantara Elektrik Berhad,nusantara,scanned,moderate,291179,0ec771b971669f020f2c6bdcc035390a7a7d19acf0e2b6c9b32ad99a77bd15f2
MY-01-WATE-202401,202401/MY-01-WATE-202401.pdf,MY-01-WATE-202401.pdf,MY-01,Water,202401,Selatan Air Sdn Bhd,nusantara,digital,none,4379,9cf42bc0f6a31f2dd2da5fb94b7f0d3da51bea6c21fde8d28d25b84c0de6061e
IN-01-ELEC-202401,202401/IN-01-ELEC-202401.pdf,IN-01-ELEC-202401.pdf,IN-01,Electricity,202401,Bharat Grid Utilities Ltd,bharat,digital,none,4715,b25079b8d990952c8defd02e8af0b3a4150b5e89cc1ce5140846fbb8bb908a8a
IN-01-WATE-202401,202401/IN-01-WATE-202401.pdf,IN-01-WATE-202401.pdf,IN-01,Water,202401,Deccan Water Board,bharat,digital,none,4412,148d0b9ed9e8ab218a43ea9d6806f661f55105f2b1af76b9fe07029adefecb0e
AU-01-ELEC-202401,202401/AU-01-ELEC-202401.pdf,AU-01-ELEC-202401.pdf,AU-01,Electricity,202401,Southern Cross Energy Pty Ltd,southern,digital,none,3691,7a576746bfccad937cfb6586a6436cf779521b700842ecbeba6ed1dcc80eb446
AU-01-WATE-202401,202401/AU-01-WATE-202401.pdf,AU-01-WATE-202401.pdf,AU-01,Water,202401,Great Dividing Water Corp,southern,digital,none,3432,b6ff2fecc981275daca5676c3e6acb205b36d35a8a6f9fde259d19ff86f4a015
SG-01-ELEC-202402,202402/SG-01-ELEC-202402.pdf,SG-01-ELEC-202402.pdf,SG-01,Electricity,202402,Meridian Power Singapore Pte Ltd,meridian,digital,none,4060,0dc7dc59465e2af63f1a12e3c8e1596f02edde4c851c77497a9318d109c4e0c7
SG-01-WATE-202402,202402/SG-01-WATE-202402.pdf,SG-01-WATE-202402.pdf,SG-01,Water,202402,Island Water Authority,meridian,scanned,light,687250,a7a217f49b7b9da4ffeaadae34917312f35c5886a4f4cf9381138b738628978c
MY-01-ELEC-202402,202402/MY-01-ELEC-202402.pdf,MY-01-ELEC-202402.pdf,MY-01,Electricity,202402,Nusantara Elektrik Berhad,nusantara,scanned,light,666365,572d78904f51a3e5c93da381cd60425afe61e621d5424e772ab13e57e1ba7729
MY-01-WATE-202402,202402/MY-01-WATE-202402.pdf,MY-01-WATE-202402.pdf,MY-01,Water,202402,Selatan Air Sdn Bhd,nusantara,digital,none,4379,8a38613ff7983951554c968aaa574440792547a364b7d7c9d632cf8127f0ed71
IN-01-ELEC-202402,202402/IN-01-ELEC-202402.pdf,IN-01-ELEC-202402.pdf,IN-01,Electricity,202402,Bharat Grid Utilities Ltd,bharat,digital,none,4724,0e0d91febc521c03bd9f12b9171c86968b72ad71b0f65e73ae074cdec1389d9b
IN-01-WATE-202402,202402/IN-01-WATE-202402.pdf,IN-01-WATE-202402.pdf,IN-01,Water,202402,Deccan Water Board,bharat,digital,none,4409,d21334cfed3a8f1cb9daaa0f47c0b228a45c99a68a379324d6dec3caeb6d681f
AU-01-ELEC-202402,202402/AU-01-ELEC-202402.pdf,AU-01-ELEC-202402.pdf,AU-01,Electricity,202402,Southern Cross Energy Pty Ltd,southern,digital,none,3742,8da3edbecdc645d96db29ec97aaaaec2b75b4ad4c84ec5e6c28d8b945bdd4d74
AU-01-WATE-202402,202402/AU-01-WATE-202402.pdf,AU-01-WATE-202402.pdf,AU-01,Water,202402,Great Dividing Water Corp,southern,digital,none,3469,f65fa304c4624e133f7fcd0a1205208bdbe933e66e2accbe532c51f50514d1bb
SG-01-ELEC-202403,202403/SG-01-ELEC-202403.pdf,SG-01-ELEC-202403.pdf,SG-01,Electricity,202403,Meridian Power Singapore Pte Ltd,meridian,digital,none,4058,667b23b9ed92412d72026ef16ed2e5242853c670bb492ea823503e81ddf185ac
SG-01-WATE-202403,202403/SG-01-WATE-202403.pdf,SG-01-WATE-202403.pdf,SG-01,Water,202403,Island Water Authority,meridian,digital,none,3784,44ebc123e3a5368694e16554ca6c4a88f35a7363a265f061a83f41ec2cc6d9c4
MY-01-ELEC-202403,202403/MY-01-ELEC-202403.pdf,MY-01-ELEC-202403.pdf,MY-01,Electricity,202403,Nusantara Elektrik Berhad,nusantara,digital,none,4721,7b0c3cb0760e790adba74f0d76fdf877b0569d306af7a91836165bb8f26e3e2a
MY-01-WATE-202403,202403/MY-01-WATE-202403.pdf,MY-01-WATE-202403.pdf,MY-01,Water,202403,Selatan Air Sdn Bhd,nusantara,scanned,light,780582,5627d875951ed8f75636e5c71c0112b61a9e3ddca4fcdc55399b220291bc1b67
IN-01-ELEC-202403,202403/IN-01-ELEC-202403.pdf,IN-01-ELEC-202403.pdf,IN-01,Electricity,202403,Bharat Grid Utilities Ltd,bharat,scanned,light,628950,383189f1dd0332e634dc1b1abcebe7c15dcf82a2818c576882364b03c315e7bc
IN-01-WATE-202403,202403/IN-01-WATE-202403.pdf,IN-01-WATE-202403.pdf,IN-01,Water,202403,Deccan Water Board,bharat,scanned,light,643756,cee7c5a48139ed94fd3c71096d12076f80e95da28f6e083f3364a7b09470d4fd
AU-01-ELEC-202403,202403/AU-01-ELEC-202403.pdf,AU-01-ELEC-202403.pdf,AU-01,Electricity,202403,Southern Cross Energy Pty Ltd,southern,digital,none,3762,83150766231f1f10aed822b9de3b2624285ef9bcfbad282e44eb5d852aa7eb88
AU-01-WATE-202403,202403/AU-01-WATE-202403.pdf,AU-01-WATE-202403.pdf,AU-01,Water,202403,Great Dividing Water Corp,southern,digital,none,3502,2e4269b81896574ab2e2dd7455998794de34a4458fa72b6c8bf9d64b8cd9033f
SG-01-ELEC-202404,202404/SG-01-ELEC-202404.pdf,SG-01-ELEC-202404.pdf,SG-01,Electricity,202404,Meridian Power Singapore Pte Ltd,meridian,scanned,light,754623,d13b3361a4f592df4b5ca0080f72b501d7052df7164416e84e7af30517663e1c
SG-01-WATE-202404,202404/SG-01-WATE-202404.pdf,SG-01-WATE-202404.pdf,SG-01,Water,202404,Island Water Authority,meridian,digital,none,3778,6c2907d869f5825246e7419e2f135ade892591e26b9df44229a519a8780dfb2b
MY-01-ELEC-202404,202404/MY-01-ELEC-202404.pdf,MY-01-ELEC-202404.pdf,MY-01,Electricity,202404,Nusantara Elektrik Berhad,nusantara,digital,none,4728,500212927751ae5b44df269330909a96801288d43c29eced97732645e2f20746
MY-01-WATE-202404,202404/MY-01-WATE-202404.pdf,MY-01-WATE-202404.pdf,MY-01,Water,202404,Selatan Air Sdn Bhd,nusantara,digital,none,4375,c7f2302cb295e8f86274132956b1a77f02427231b44c38ffac3d050b9459533f
IN-01-ELEC-202404,202404/IN-01-ELEC-202404.pdf,IN-01-ELEC-202404.pdf,IN-01,Electricity,202404,Bharat Grid Utilities Ltd,bharat,digital,none,4728,19c5af1ab3f3240fa9333f87a8c3ecc45a05c09e808593882f1a7b989a0d9fa3
IN-01-WATE-202404,202404/IN-01-WATE-202404.pdf,IN-01-WATE-202404.pdf,IN-01,Water,202404,Deccan Water Board,bharat,digital,none,4404,fb6455653385ff250c211b0b3b86474943ff0f05a27bd3006ab587ee8767be26
AU-01-ELEC-202404,202404/AU-01-ELEC-202404.pdf,AU-01-ELEC-202404.pdf,AU-01,Electricity,202404,Southern Cross Energy Pty Ltd,southern,digital,none,3782,edf65375b8a936e244bd71d65ae0855f788fb9ad80d518b6bf034b28272ae394
AU-01-WATE-202404,202404/AU-01-WATE-202404.pdf,AU-01-WATE-202404.pdf,AU-01,Water,202404,Great Dividing Water Corp,southern,digital,none,3508,b0d1ebc8a46debb6452d26bbda1e25801e41f0fede5df47eb6ad12473cd4aed0
SG-01-ELEC-202405,202405/SG-01-ELEC-202405.pdf,SG-01-ELEC-202405.pdf,SG-01,Electricity,202405,Meridian Power Singapore Pte Ltd,meridian,digital,none,4056,f5c3297bb13e1718bbcf97367a5136ed8518ce8af46ca91b443052cb0f2c78fd
SG-01-WATE-202405,202405/SG-01-WATE-202405.pdf,SG-01-WATE-202405.pdf,SG-01,Water,202405,Island Water Authority,meridian,digital,none,3784,f8288ffd5b35d5c94a71a047aed760a7e27e33f3b9f99de1ea935b9a1fcd422d
MY-01-ELEC-202405,202405/MY-01-ELEC-202405.pdf,MY-01-ELEC-202405.pdf,MY-01,Electricity,202405,Nusantara Elektrik Berhad,nusantara,digital,none,4717,eaaa208c17b2610cd1265562a061ce114b4f331227824f36882bccf0c7cca380
MY-01-WATE-202405,202405/MY-01-WATE-202405.pdf,MY-01-WATE-202405.pdf,MY-01,Water,202405,Selatan Air Sdn Bhd,nusantara,digital,none,4389,9c101a6f7a9cf6834ebd13ee77315d7be697bcf6cf9e57a5856f4ea087d358a3
IN-01-ELEC-202405,202405/IN-01-ELEC-202405.pdf,IN-01-ELEC-202405.pdf,IN-01,Electricity,202405,Bharat Grid Utilities Ltd,bharat,digital,none,4725,1be1d209441da38855b7e9ae14f8b5b240f0eff3bf6a62a7b88f216de7868625
IN-01-WATE-202405,202405/IN-01-WATE-202405.pdf,IN-01-WATE-202405.pdf,IN-01,Water,202405,Deccan Water Board,bharat,digital,none,4405,386d9c4a598fc9975352ed1c2dc053e4940e7e42f5080f40ddd8d49f6653f037
AU-01-ELEC-202405,202405/AU-01-ELEC-202405.pdf,AU-01-ELEC-202405.pdf,AU-01,Electricity,202405,Southern Cross Energy Pty Ltd,southern,scanned,moderate,285791,5f156fc98281fb49a07d7bdb0bf9533d724241a2dfc9580d3bdc95fd2f365138
AU-01-WATE-202405,202405/AU-01-WATE-202405.pdf,AU-01-WATE-202405.pdf,AU-01,Water,202405,Great Dividing Water Corp,southern,digital,none,3543,ccb1907c7dd19a1aa1b44b0534b399ce832496f585410501fb3dabfc50651594
SG-01-ELEC-202406,202406/SG-01-ELEC-202406.pdf,SG-01-ELEC-202406.pdf,SG-01,Electricity,202406,Meridian Power Singapore Pte Ltd,meridian,digital,none,4058,77fd7b8bddd74954572495aa30087e542287e4218f0400c68ffd201c0ead4fad
SG-01-WATE-202406,202406/SG-01-WATE-202406.pdf,SG-01-WATE-202406.pdf,SG-01,Water,202406,Island Water Authority,meridian,digital,none,3788,1c23751edba72ce97eac798230b20885d564c257c006a2b1ea9fa3af796facd9
MY-01-ELEC-202406,202406/MY-01-ELEC-202406.pdf,MY-01-ELEC-202406.pdf,MY-01,Electricity,202406,Nusantara Elektrik Berhad,nusantara,digital,none,4724,5690921cd4fb7827f3a22cb6fc7d7d8255297f6790372a403a5172c5d050beae
MY-01-WATE-202406,202406/MY-01-WATE-202406.pdf,MY-01-WATE-202406.pdf,MY-01,Water,202406,Selatan Air Sdn Bhd,nusantara,digital,none,4380,ff624b0428905cca2c82323cb9a3c797cb719b3fb37d334e2d1804ea48a2c21a
IN-01-ELEC-202406,202406/IN-01-ELEC-202406.pdf,IN-01-ELEC-202406.pdf,IN-01,Electricity,202406,Bharat Grid Utilities Ltd,bharat,digital,none,4729,2d90dfb02a873ac03fb8f79ca6509a3b3d6d3c2e4226f8547c7462e783cc8639
IN-01-WATE-202406,202406/IN-01-WATE-202406.pdf,IN-01-WATE-202406.pdf,IN-01,Water,202406,Deccan Water Board,bharat,digital,none,4400,019d297bbe3d35c2b7d8d77775dc9ae8ceb004530a3637ac7eafb8edfce48dac
AU-01-ELEC-202406,202406/AU-01-ELEC-202406.pdf,AU-01-ELEC-202406.pdf,AU-01,Electricity,202406,Southern Cross Energy Pty Ltd,southern,digital,none,3818,cb965ebda8495e1e52312356dc5c5588d0e524076b4c862cc50c1e6ed8bf34c4
AU-01-WATE-202406,202406/AU-01-WATE-202406.pdf,AU-01-WATE-202406.pdf,AU-01,Water,202406,Great Dividing Water Corp,southern,digital,none,3564,fa3b87394cf0afdef6cb53952cc0632fd3f54c71ffc49f692b88cd2ce4b74384
SG-01-ELEC-202407,202407/SG-01-ELEC-202407.pdf,SG-01-ELEC-202407.pdf,SG-01,Electricity,202407,Meridian Power Singapore Pte Ltd,meridian,scanned,light,683570,40ae9e1cdc0a604a43c5d7dee7fa2ecdbceef30849a4bb99f34b758bfc01fa93
SG-01-WATE-202407,202407/SG-01-WATE-202407.pdf,SG-01-WATE-202407.pdf,SG-01,Water,202407,Island Water Authority,meridian,digital,none,3784,079b99a9e7f46e473c1e9a457f934506e1b4ce925cd96d458507c28237ea1bfb
MY-01-ELEC-202407,202407/MY-01-ELEC-202407.pdf,MY-01-ELEC-202407.pdf,MY-01,Electricity,202407,Nusantara Elektrik Berhad,nusantara,digital,none,4724,980411b8545b3701bf52143480cd1772dd0d20936e62fd39972bc245e1cdf4a6
MY-01-WATE-202407,202407/MY-01-WATE-202407.pdf,MY-01-WATE-202407.pdf,MY-01,Water,202407,Selatan Air Sdn Bhd,nusantara,digital,none,4384,5ce723fea3f15e5eae4dc3de6f4b15fbd5671f2aff0039033dfe67a95c1892ae
IN-01-ELEC-202407,202407/IN-01-ELEC-202407.pdf,IN-01-ELEC-202407.pdf,IN-01,Electricity,202407,Bharat Grid Utilities Ltd,bharat,scanned,heavy,123960,1d653fe4e64e9b95af913ad90286c6c088b4473fef4a1c298e385031362a8545
IN-01-WATE-202407,202407/IN-01-WATE-202407.pdf,IN-01-WATE-202407.pdf,IN-01,Water,202407,Deccan Water Board,bharat,digital,none,4407,69939f0a95f649a51f91131b9e58d7e1adbc51cfcd4e37d0fa3aadc6fe4b17e1
AU-01-ELEC-202407,202407/AU-01-ELEC-202407.pdf,AU-01-ELEC-202407.pdf,AU-01,Electricity,202407,Southern Cross Energy Pty Ltd,southern,digital,none,3834,30712cf790b8cb5e97de2ae2babcadf84d7bdacf41f5c350230f320a061cba74
AU-01-WATE-202407,202407/AU-01-WATE-202407.pdf,AU-01-WATE-202407.pdf,AU-01,Water,202407,Great Dividing Water Corp,southern,digital,none,3569,806dd0ca0dd4ccbd86532edb32c8f17345f414392ea14e24a8a935e586a4e594
SG-01-ELEC-202408,202408/SG-01-ELEC-202408.pdf,SG-01-ELEC-202408.pdf,SG-01,Electricity,202408,Meridian Power Singapore Pte Ltd,meridian,digital,none,4065,9890752f5389a6b4017ed9456aacf2463cab2b20295416a4d891ae889026a9aa
SG-01-WATE-202408,202408/SG-01-WATE-202408.pdf,SG-01-WATE-202408.pdf,SG-01,Water,202408,Island Water Authority,meridian,scanned,light,597375,b94da47fc54c8b15ba3e352ec974b5cb2b1ffa40afbd58b722710258e624aba5
MY-01-ELEC-202408,202408/MY-01-ELEC-202408.pdf,MY-01-ELEC-202408.pdf,MY-01,Electricity,202408,Nusantara Elektrik Berhad,nusantara,digital,none,4732,5b3e78539e6252b80673d7fc3eb1f148588b9855e23ba98fe4dc7b92ae3d0874
MY-01-WATE-202408,202408/MY-01-WATE-202408.pdf,MY-01-WATE-202408.pdf,MY-01,Water,202408,Selatan Air Sdn Bhd,nusantara,digital,none,4388,58397146a9902a10de12b6cf73ebf54db68e8af82cf92450d65e7e0a8844baa6
IN-01-ELEC-202408,202408/IN-01-ELEC-202408.pdf,IN-01-ELEC-202408.pdf,IN-01,Electricity,202408,Bharat Grid Utilities Ltd,bharat,digital,none,4733,7685d005a81b86750f97e4751b919b8dbdd3f117da1a0e12ab1e14d650ed8245
IN-01-WATE-202408,202408/IN-01-WATE-202408.pdf,IN-01-WATE-202408.pdf,IN-01,Water,202408,Deccan Water Board,bharat,digital,none,4410,0ccfe7bf2ceb717689da95d50cabd94139cac7e27640ca1ed7b08a61eab7f7f3
AU-01-ELEC-202408,202408/AU-01-ELEC-202408.pdf,AU-01-ELEC-202408.pdf,AU-01,Electricity,202408,Southern Cross Energy Pty Ltd,southern,digital,none,3837,e1a997b729fbad6635240ba6c505d151b964b6f28d2a89532ce484b64a8b7794
AU-01-WATE-202408,202408/AU-01-WATE-202408.pdf,AU-01-WATE-202408.pdf,AU-01,Water,202408,Great Dividing Water Corp,southern,digital,none,3569,0c269299385e8b17b3ec4bf54abb9b6e493d06ae91ce5e2150ad2a40de01ffc0
SG-01-ELEC-202409,202409/SG-01-ELEC-202409.pdf,SG-01-ELEC-202409.pdf,SG-01,Electricity,202409,Meridian Power Singapore Pte Ltd,meridian,digital,none,4055,6bbfe5d7c4bcf90dc607aa917148484422622f85f594fffe2d29676700b8930f
SG-01-WATE-202409,202409/SG-01-WATE-202409.pdf,SG-01-WATE-202409.pdf,SG-01,Water,202409,Island Water Authority,meridian,digital,none,3789,680aa2d60cb01113c7ccb7dbf804e3744f0232b05a2ce92bff292c2196cb7678
MY-01-ELEC-202409,202409/MY-01-ELEC-202409.pdf,MY-01-ELEC-202409.pdf,MY-01,Electricity,202409,Nusantara Elektrik Berhad,nusantara,digital,none,4724,9b3bf3e71e9d25fe07f7d0e1d9025d0909f94232d3d2c528927d5fbd68951a9b
MY-01-WATE-202409,202409/MY-01-WATE-202409.pdf,MY-01-WATE-202409.pdf,MY-01,Water,202409,Selatan Air Sdn Bhd,nusantara,digital,none,4383,4bab50230ee6abf48f84541e189eafc1cb8a12a01d06a95823c3d7a7d3852507
IN-01-ELEC-202409,202409/IN-01-ELEC-202409.pdf,IN-01-ELEC-202409.pdf,IN-01,Electricity,202409,Bharat Grid Utilities Ltd,bharat,digital,none,4718,e47a15aff840bae10a4892768618a4ca442b8fd2ad51587af842ff4437a6c852
IN-01-WATE-202409,202409/IN-01-WATE-202409.pdf,IN-01-WATE-202409.pdf,IN-01,Water,202409,Deccan Water Board,bharat,scanned,light,751683,02f26c26752f2e53c650fa39aebdf3eb90b1285a7e9a11ad4e663481905b0b78
AU-01-ELEC-202409,202409/AU-01-ELEC-202409.pdf,AU-01-ELEC-202409.pdf,AU-01,Electricity,202409,Southern Cross Energy Pty Ltd,southern,digital,none,3826,833af377e814a64674fa1bd5abd4cb256e8477e03c036864b0ea52c40e3896a2
AU-01-WATE-202409,202409/AU-01-WATE-202409.pdf,AU-01-WATE-202409.pdf,AU-01,Water,202409,Great Dividing Water Corp,southern,digital,none,3565,c3824e59ae729ec58c978a10e3eb618a36bb09df4d461ae588c639dab5aa3a00
SG-01-ELEC-202410,202410/SG-01-ELEC-202410.pdf,SG-01-ELEC-202410.pdf,SG-01,Electricity,202410,Meridian Power Singapore Pte Ltd,meridian,digital,none,4063,dd21253ef552f98f9629a4975d844c484009a2bdc486e7ab4cd58052005f8efd
SG-01-WATE-202410,202410/SG-01-WATE-202410.pdf,SG-01-WATE-202410.pdf,SG-01,Water,202410,Island Water Authority,meridian,digital,none,3782,0eace9fc35840490aeec04af303b2a0bedab93ef38b45d81c28498aff52162d3
MY-01-ELEC-202410,202410/MY-01-ELEC-202410.pdf,MY-01-ELEC-202410.pdf,MY-01,Electricity,202410,Nusantara Elektrik Berhad,nusantara,digital,none,4726,e8bead94fe76b88d8633686fa73d1c06f4f248b5144f6fd5d2ee14dd134beef0
MY-01-WATE-202410,202410/MY-01-WATE-202410.pdf,MY-01-WATE-202410.pdf,MY-01,Water,202410,Selatan Air Sdn Bhd,nusantara,scanned,moderate,290822,4531a21c7ace5b251cfc7e2d5e9221f0cd68f481d41b1b5d5cff53179155b5e3
IN-01-ELEC-202410,202410/IN-01-ELEC-202410.pdf,IN-01-ELEC-202410.pdf,IN-01,Electricity,202410,Bharat Grid Utilities Ltd,bharat,digital,none,4720,02137925f1c984fb69b2c3f8bdb64eeb7273ec772bc679e6b05bbcef380eba37
IN-01-WATE-202410,202410/IN-01-WATE-202410.pdf,IN-01-WATE-202410.pdf,IN-01,Water,202410,Deccan Water Board,bharat,scanned,heavy,134132,508bf03606d469467ee5bc79536a7a6d2f6800ebb26b383ef14a25bb0754828d
AU-01-ELEC-202410,202410/AU-01-ELEC-202410.pdf,AU-01-ELEC-202410.pdf,AU-01,Electricity,202410,Southern Cross Energy Pty Ltd,southern,digital,none,3828,db9cb61be9964d114ed4201cbc89e3004e1e293d6a8f110bc1475df77a848a92
AU-01-WATE-202410,202410/AU-01-WATE-202410.pdf,AU-01-WATE-202410.pdf,AU-01,Water,202410,Great Dividing Water Corp,southern,digital,none,3575,8d0f377a62dbfd895462f2d3ec7accd8052bebe416c5b969dff9fcee2352320b
SG-01-ELEC-202411,202411/SG-01-ELEC-202411.pdf,SG-01-ELEC-202411.pdf,SG-01,Electricity,202411,Meridian Power Singapore Pte Ltd,meridian,digital,none,4069,f8a247a48ec22c99e2a7d6dada8186f4e85ec0d2b59367c0548bd0a409a1dae8
SG-01-WATE-202411,202411/SG-01-WATE-202411.pdf,SG-01-WATE-202411.pdf,SG-01,Water,202411,Island Water Authority,meridian,digital,none,3790,969a6ec4790a333f1947241559904d3dd74bbc3d672b73dd93c3b05c3b0e1e06
MY-01-ELEC-202411,202411/MY-01-ELEC-202411.pdf,MY-01-ELEC-202411.pdf,MY-01,Electricity,202411,Nusantara Elektrik Berhad,nusantara,digital,none,4729,519d468f5dff19aef1ea5b1adf47b48ca0a946f938985c90b1e23c05396a738d
MY-01-WATE-202411,202411/MY-01-WATE-202411.pdf,MY-01-WATE-202411.pdf,MY-01,Water,202411,Selatan Air Sdn Bhd,nusantara,digital,none,4384,b146da321df9d8b1bc43d16fa736f54e7d689d947a569d9701355b4b62e2da89
IN-01-ELEC-202411,202411/IN-01-ELEC-202411.pdf,IN-01-ELEC-202411.pdf,IN-01,Electricity,202411,Bharat Grid Utilities Ltd,bharat,scanned,light,665728,a0fa983b89986e09ab79754145e3c90db3bcbfda2edad693a8826bf5d26dbcc7
IN-01-WATE-202411,202411/IN-01-WATE-202411.pdf,IN-01-WATE-202411.pdf,IN-01,Water,202411,Deccan Water Board,bharat,scanned,light,608956,b1164bdd6d45f6810d50fa9a772b7fee373fb78f55354e73cdac3867923a5a7f
AU-01-ELEC-202411,202411/AU-01-ELEC-202411.pdf,AU-01-ELEC-202411.pdf,AU-01,Electricity,202411,Southern Cross Energy Pty Ltd,southern,digital,none,3833,93e7d0ba1a94606b76b27df9b5df68827834c25255e890d5a089093d79eb80cc
AU-01-WATE-202411,202411/AU-01-WATE-202411.pdf,AU-01-WATE-202411.pdf,AU-01,Water,202411,Great Dividing Water Corp,southern,digital,none,3567,fa6cef84735dae8f7792751a22370ddb4171bf1b79d74d04ff58fcac416445fd
SG-01-ELEC-202412,202412/SG-01-ELEC-202412.pdf,SG-01-ELEC-202412.pdf,SG-01,Electricity,202412,Meridian Power Singapore Pte Ltd,meridian,digital,none,4074,baf5722210a7757d78186b0412cd146bc48c0a534f5b356e8cc6aa5b0189390f
SG-01-WATE-202412,202412/SG-01-WATE-202412.pdf,SG-01-WATE-202412.pdf,SG-01,Water,202412,Island Water Authority,meridian,digital,none,3789,9444f9ec3aa4c3ead0800f2e71f496cd2055457d4331c37af680c0ecf0466855
MY-01-ELEC-202412,202412/MY-01-ELEC-202412.pdf,MY-01-ELEC-202412.pdf,MY-01,Electricity,202412,Nusantara Elektrik Berhad,nusantara,digital,none,4736,7f53056bc54299b86d0991ef42fd38455f9a9f01da5656b65b4c0b248a9b0abd
MY-01-WATE-202412,202412/MY-01-WATE-202412.pdf,MY-01-WATE-202412.pdf,MY-01,Water,202412,Selatan Air Sdn Bhd,nusantara,scanned,light,633225,2b9d17335370aa81fa6071d87d8cdb209e5066aff97732f42861de9d8d6dd0a2
IN-01-ELEC-202412,202412/IN-01-ELEC-202412.pdf,IN-01-ELEC-202412.pdf,IN-01,Electricity,202412,Bharat Grid Utilities Ltd,bharat,digital,none,4718,92cfb826f2fa3a78dec61c429ffe654a6e3c339c6b4c97fa25beeae041202151
IN-01-WATE-202412,202412/IN-01-WATE-202412.pdf,IN-01-WATE-202412.pdf,IN-01,Water,202412,Deccan Water Board,bharat,digital,none,4410,83503e64bf56b471c01093fbf52b62030306631a46e7e477f1243b701d8df999
AU-01-ELEC-202412,202412/AU-01-ELEC-202412.pdf,AU-01-ELEC-202412.pdf,AU-01,Electricity,202412,Southern Cross Energy Pty Ltd,southern,scanned,heavy,108236,7665ad5b113e09b60789681df01fad01c7483c6e01e0a6ec424293f8269b9213
AU-01-WATE-202412,202412/AU-01-WATE-202412.pdf,AU-01-WATE-202412.pdf,AU-01,Water,202412,Great Dividing Water Corp,southern,digital,none,3572,99b6ae68ccbf3b321c39a7556dd7f7475434f6732f852cd998181fc946a6af0a
SG-01-ELEC-202501,202501/SG-01-ELEC-202501.pdf,SG-01-ELEC-202501.pdf,SG-01,Electricity,202501,Meridian Power Singapore Pte Ltd,meridian,digital,none,4063,17252306168c1aecef57f91032a52ee2e811a63bfceefe674bc33ccfdd7cca61
SG-01-WATE-202501,202501/SG-01-WATE-202501.pdf,SG-01-WATE-202501.pdf,SG-01,Water,202501,Island Water Authority,meridian,digital,none,3792,8a6ae2fe22600095487ae8773d21a6aaa71e6e05b2152bbc1515091cfa7e8460
MY-01-ELEC-202501,202501/MY-01-ELEC-202501.pdf,MY-01-ELEC-202501.pdf,MY-01,Electricity,202501,Nusantara Elektrik Berhad,nusantara,scanned,heavy,138409,1f415e9965afdebe804654309041b12ef908000bb0d23894c1799389868ee3c0
MY-01-WATE-202501,202501/MY-01-WATE-202501.pdf,MY-01-WATE-202501.pdf,MY-01,Water,202501,Selatan Air Sdn Bhd,nusantara,digital,none,4382,a5eb1c8f88401ce67b5cf8c42255ee38624ca35621ce1e38db6ddf9be91c2adc
IN-01-ELEC-202501,202501/IN-01-ELEC-202501.pdf,IN-01-ELEC-202501.pdf,IN-01,Electricity,202501,Bharat Grid Utilities Ltd,bharat,digital,none,4720,2103d86135ef5f5953c9ba19a47e20ce89c54b34fa036342ce850956a5c7080b
IN-01-WATE-202501,202501/IN-01-WATE-202501.pdf,IN-01-WATE-202501.pdf,IN-01,Water,202501,Deccan Water Board,bharat,digital,none,4414,f2ae36555b079eb1eb3d5f3d96d845e6cacb544e0e573558bfcb06a13bec7443
AU-01-ELEC-202501,202501/AU-01-ELEC-202501.pdf,AU-01-ELEC-202501.pdf,AU-01,Electricity,202501,Southern Cross Energy Pty Ltd,southern,digital,none,3834,537abb173d27e47ea85cbe73f5bebe02b1c7e28dd3f80f1c38485e09a0abf70e
AU-01-WATE-202501,202501/AU-01-WATE-202501.pdf,AU-01-WATE-202501.pdf,AU-01,Water,202501,Great Dividing Water Corp,southern,digital,none,3579,455d55f0f11e083a36351cc31ef955d5b9861fa66f9268a4bb71006eb6765bab
SG-01-ELEC-202502,202502/SG-01-ELEC-202502.pdf,SG-01-ELEC-202502.pdf,SG-01,Electricity,202502,Meridian Power Singapore Pte Ltd,meridian,digital,none,4064,378c7aa46c210d89d5c40938fb45d740501a2dac530ea71aeca5a87a93ebd2ce
SG-01-WATE-202502,202502/SG-01-WATE-202502.pdf,SG-01-WATE-202502.pdf,SG-01,Water,202502,Island Water Authority,meridian,digital,none,3790,13f6573aabe3557ef9dfe80a9bbf20b28679d15b8ecc56dd1ef4e4bd8eb9e2ec
MY-01-ELEC-202502,202502/MY-01-ELEC-202502.pdf,MY-01-ELEC-202502.pdf,MY-01,Electricity,202502,Nusantara Elektrik Berhad,nusantara,digital,none,4723,e2cc73635155f6a42b751dc79d06dd5c299be77f75ad55acaf058b5f7ecc1de3
MY-01-WATE-202502,202502/MY-01-WATE-202502.pdf,MY-01-WATE-202502.pdf,MY-01,Water,202502,Selatan Air Sdn Bhd,nusantara,digital,none,4377,00012f22481e0d4527194fa3486e5a5a284327610dfb9df14f00f2a9e3ec5d1a
IN-01-ELEC-202502,202502/IN-01-ELEC-202502.pdf,IN-01-ELEC-202502.pdf,IN-01,Electricity,202502,Bharat Grid Utilities Ltd,bharat,digital,none,4722,c6b7e03afc17d6c0c963350b3b40d6583dec692e6226931dd0ee3e7e8e5f0cb4
IN-01-WATE-202502,202502/IN-01-WATE-202502.pdf,IN-01-WATE-202502.pdf,IN-01,Water,202502,Deccan Water Board,bharat,digital,none,4408,044115243da858ff86031becb268d7e4f00b9981a3c30f28200e673d776d4c3d
AU-01-ELEC-202502,202502/AU-01-ELEC-202502.pdf,AU-01-ELEC-202502.pdf,AU-01,Electricity,202502,Southern Cross Energy Pty Ltd,southern,digital,none,3838,bca04059d3252b1521c85e78856062deca2a7f9e8473c80c265506626c49497c
AU-01-WATE-202502,202502/AU-01-WATE-202502.pdf,AU-01-WATE-202502.pdf,AU-01,Water,202502,Great Dividing Water Corp,southern,scanned,light,717497,434fc0ac4a727c7eb33a456e9de45d36f8cf9cbd5bb5d4faef76c9c52d183ab3
SG-01-ELEC-202503,202503/SG-01-ELEC-202503.pdf,SG-01-ELEC-202503.pdf,SG-01,Electricity,202503,Meridian Power Singapore Pte Ltd,meridian,scanned,moderate,308228,c2e6a3f09a7da7c6a83dac57f0c728c7f9870045a29ee6e09a0646011f5eba9f
SG-01-WATE-202503,202503/SG-01-WATE-202503.pdf,SG-01-WATE-202503.pdf,SG-01,Water,202503,Island Water Authority,meridian,digital,none,3778,0982fb7a85de75e270eb6d7b2eabd1f1d9121e56ea5d29b40d243c520e1ce54d
MY-01-ELEC-202503,202503/MY-01-ELEC-202503.pdf,MY-01-ELEC-202503.pdf,MY-01,Electricity,202503,Nusantara Elektrik Berhad,nusantara,digital,none,4723,e3a7a8779edf69335964c94613641e13c24d1c20214598b250b331c541f1b19e
MY-01-WATE-202503,202503/MY-01-WATE-202503.pdf,MY-01-WATE-202503.pdf,MY-01,Water,202503,Selatan Air Sdn Bhd,nusantara,digital,none,4388,def8a2793bee01c6f7e4030185eccdfbb3f08388c4faedb4eb1ff689ee0573dc
IN-01-ELEC-202503,202503/IN-01-ELEC-202503.pdf,IN-01-ELEC-202503.pdf,IN-01,Electricity,202503,Bharat Grid Utilities Ltd,bharat,digital,none,4725,9a6633ae1192fc34131922ec4235e8923f9dbac18390ff722f42ca38c7eb8b83
IN-01-WATE-202503,202503/IN-01-WATE-202503.pdf,IN-01-WATE-202503.pdf,IN-01,Water,202503,Deccan Water Board,bharat,scanned,moderate,302420,db2b6cc3432a23e4e9777912e7527c5a2005cde9f8bfef9ad618c54b104bf7b4
AU-01-ELEC-202503,202503/AU-01-ELEC-202503.pdf,AU-01-ELEC-202503.pdf,AU-01,Electricity,202503,Southern Cross Energy Pty Ltd,southern,digital,none,3834,79db1bc9b71026f134b7452cb492dcea133dc9043dacdcb3a0ff84d8aeb5b12a
AU-01-WATE-202503,202503/AU-01-WATE-202503.pdf,AU-01-WATE-202503.pdf,AU-01,Water,202503,Great Dividing Water Corp,southern,digital,none,3569,cfc567738de45831bd96b779773851a9244369badc73366953c1944c34cb5ffd
SG-01-ELEC-202504,202504/SG-01-ELEC-202504.pdf,SG-01-ELEC-202504.pdf,SG-01,Electricity,202504,Meridian Power Singapore Pte Ltd,meridian,digital,none,4056,1ad29bc99d64a48cee1e753f1120e4b8ab160f925a95c0a791c6004990a73cc7
SG-01-WATE-202504,202504/SG-01-WATE-202504.pdf,SG-01-WATE-202504.pdf,SG-01,Water,202504,Island Water Authority,meridian,digital,none,3779,37fd7e4f340bd8a6b1283f83d9b35d84ee1f7fe892436601096e3a655a287146
MY-01-ELEC-202504,202504/MY-01-ELEC-202504.pdf,MY-01-ELEC-202504.pdf,MY-01,Electricity,202504,Nusantara Elektrik Berhad,nusantara,digital,none,4727,2aa0d49999dded2e11b714077ea7e00d2826bf96bd3099c26ce26e8f4f8c6cb6
MY-01-WATE-202504,202504/MY-01-WATE-202504.pdf,MY-01-WATE-202504.pdf,MY-01,Water,202504,Selatan Air Sdn Bhd,nusantara,digital,none,4380,515721d49c47c5d096939eec3dcbc67bc71513f725173fb8e1ba38ab7f5d910e
IN-01-ELEC-202504,202504/IN-01-ELEC-202504.pdf,IN-01-ELEC-202504.pdf,IN-01,Electricity,202504,Bharat Grid Utilities Ltd,bharat,digital,none,4718,49e231e953e06022696fdbb16b76d0f9c9ebcc461de6b423fe43009a72a3ef25
IN-01-WATE-202504,202504/IN-01-WATE-202504.pdf,IN-01-WATE-202504.pdf,IN-01,Water,202504,Deccan Water Board,bharat,digital,none,4407,3d5ed0336224757afb09ade1bd6ef1d3e0fdc4ad1eec9ea78236dbe17393818c
AU-01-ELEC-202504,202504/AU-01-ELEC-202504.pdf,AU-01-ELEC-202504.pdf,AU-01,Electricity,202504,Southern Cross Energy Pty Ltd,southern,scanned,light,589201,1710e2c64711f5d82ebffb492d57fbfed3de0bfa607745bfe278c6fcdbc5bfca
AU-01-WATE-202504,202504/AU-01-WATE-202504.pdf,AU-01-WATE-202504.pdf,AU-01,Water,202504,Great Dividing Water Corp,southern,digital,none,3572,3fc404e2ca57fbe4a5448e8a260f7c881ef45112442427cac6948b6f1649be6a
SG-01-ELEC-202505,202505/SG-01-ELEC-202505.pdf,SG-01-ELEC-202505.pdf,SG-01,Electricity,202505,Meridian Power Singapore Pte Ltd,meridian,digital,none,4065,83dd04228f25bacaf785f870a7399f77ae5e20a94aea32c5752fdb6c0d91285f
SG-01-WATE-202505,202505/SG-01-WATE-202505.pdf,SG-01-WATE-202505.pdf,SG-01,Water,202505,Island Water Authority,meridian,digital,none,3787,f8b0718d8531b66be783145751d79a89cd02609d1b72084c3fd422f140469eea
MY-01-ELEC-202505,202505/MY-01-ELEC-202505.pdf,MY-01-ELEC-202505.pdf,MY-01,Electricity,202505,Nusantara Elektrik Berhad,nusantara,digital,none,4723,7ae392956d27e3c9817a8346b7fd47270f5b7a149c505dfc8b40c783ddf84200
MY-01-WATE-202505,202505/MY-01-WATE-202505.pdf,MY-01-WATE-202505.pdf,MY-01,Water,202505,Selatan Air Sdn Bhd,nusantara,digital,none,4377,dd30746dcb378c935398e12ecec24b96553285f091b16e584341abb8d6bf4b6c
IN-01-ELEC-202505,202505/IN-01-ELEC-202505.pdf,IN-01-ELEC-202505.pdf,IN-01,Electricity,202505,Bharat Grid Utilities Ltd,bharat,digital,none,4724,62036708a9ef6ef7d24db2de2c38a131ddc57eeecea9b90e3dff5744d2e7a658
IN-01-WATE-202505,202505/IN-01-WATE-202505.pdf,IN-01-WATE-202505.pdf,IN-01,Water,202505,Deccan Water Board,bharat,scanned,light,643482,76bf95024d0322734c7b74147ae4d50be2279044047ca953896f09757c9017f2
AU-01-ELEC-202505,202505/AU-01-ELEC-202505.pdf,AU-01-ELEC-202505.pdf,AU-01,Electricity,202505,Southern Cross Energy Pty Ltd,southern,digital,none,3831,3cd385c9f6febfb7f82e3847c30c04da0f9f3c35d412c2a09c8be4147bf6eb5d
AU-01-WATE-202505,202505/AU-01-WATE-202505.pdf,AU-01-WATE-202505.pdf,AU-01,Water,202505,Great Dividing Water Corp,southern,digital,none,3569,460c8f7eaa58673269762d03877565cfc345ed1f5eccc4ca8107eea64197fc53
SG-01-ELEC-202506,202506/SG-01-ELEC-202506.pdf,SG-01-ELEC-202506.pdf,SG-01,Electricity,202506,Meridian Power Singapore Pte Ltd,meridian,digital,none,4059,76b659603c8f01093e07dd90d8d47b6f2062aad47cb86bac74a49676af7269b1
SG-01-WATE-202506,202506/SG-01-WATE-202506.pdf,SG-01-WATE-202506.pdf,SG-01,Water,202506,Island Water Authority,meridian,scanned,heavy,133423,c3ddc90460085c9ef2bd380ccdd643b5356da358fb27cac8e170da6234a5350e
MY-01-ELEC-202506,202506/MY-01-ELEC-202506.pdf,MY-01-ELEC-202506.pdf,MY-01,Electricity,202506,Nusantara Elektrik Berhad,nusantara,digital,none,4728,fa9a8779f32a6bff5d92a76c663d2b27527020c5349555903c6104da4911ae48
MY-01-WATE-202506,202506/MY-01-WATE-202506.pdf,MY-01-WATE-202506.pdf,MY-01,Water,202506,Selatan Air Sdn Bhd,nusantara,digital,none,4383,d741dc459dc2a6662ae04bcd2a24bfb2e0c487b4d7a0e49bf54cda35ebb6198a
IN-01-ELEC-202506,202506/IN-01-ELEC-202506.pdf,IN-01-ELEC-202506.pdf,IN-01,Electricity,202506,Bharat Grid Utilities Ltd,bharat,digital,none,4725,87d2206e5771d6dfc13aa4581b47a8fe15b4ffab85f43a8e7327b73fd318d912
IN-01-WATE-202506,202506/IN-01-WATE-202506.pdf,IN-01-WATE-202506.pdf,IN-01,Water,202506,Deccan Water Board,bharat,digital,none,4414,83dac31bc5a08a793be57aa54c756d750ac8c1aa02cca2a8f312cbcc6d1623d4
AU-01-ELEC-202506,202506/AU-01-ELEC-202506.pdf,AU-01-ELEC-202506.pdf,AU-01,Electricity,202506,Southern Cross Energy Pty Ltd,southern,scanned,light,586484,7f326a4c47412ca2c51e885289c526fa2bf4878f043be77403abeebec9c9b05f
AU-01-WATE-202506,202506/AU-01-WATE-202506.pdf,AU-01-WATE-202506.pdf,AU-01,Water,202506,Great Dividing Water Corp,southern,digital,none,3569,6eaafd1820b6b10967a6a62b777c48cf92bf5bb34f53ec96f405dcbe94435231
SG-01-ELEC-202507,202507/SG-01-ELEC-202507.pdf,SG-01-ELEC-202507.pdf,SG-01,Electricity,202507,Meridian Power Singapore Pte Ltd,meridian,digital,none,4070,668343974354ce7f5687084e6a7f9489f666328d18072db7d7cb2884c91122e6
SG-01-WATE-202507,202507/SG-01-WATE-202507.pdf,SG-01-WATE-202507.pdf,SG-01,Water,202507,Island Water Authority,meridian,scanned,moderate,280508,cf7e34ff4b0ae21530c044ab0d89731e5141a7a7329acbd723cce0dbaa50247c
MY-01-ELEC-202507,202507/MY-01-ELEC-202507.pdf,MY-01-ELEC-202507.pdf,MY-01,Electricity,202507,Nusantara Elektrik Berhad,nusantara,scanned,light,666590,56447e93b53dd62ceac580ef78df4f5f05f70a15354c1c851b3c53ebc0a2df12
MY-01-WATE-202507,202507/MY-01-WATE-202507.pdf,MY-01-WATE-202507.pdf,MY-01,Water,202507,Selatan Air Sdn Bhd,nusantara,digital,none,4385,6fc0097b7428aa50b77b2007786ac7d2681d4833117e45b507d5b7ff385f1f32
IN-01-ELEC-202507,202507/IN-01-ELEC-202507.pdf,IN-01-ELEC-202507.pdf,IN-01,Electricity,202507,Bharat Grid Utilities Ltd,bharat,scanned,light,630497,0d1beafc202f5aebc9a5d201d85ec1b18bdcfc56b3c88a0f53aa8c433e8284f3
IN-01-WATE-202507,202507/IN-01-WATE-202507.pdf,IN-01-WATE-202507.pdf,IN-01,Water,202507,Deccan Water Board,bharat,digital,none,4407,9270165986efc1557cb0475cce06c713b3ee33e6c76e465baf20c6468f456b5a
AU-01-ELEC-202507,202507/AU-01-ELEC-202507.pdf,AU-01-ELEC-202507.pdf,AU-01,Electricity,202507,Southern Cross Energy Pty Ltd,southern,digital,none,3831,368d82d36cfed63ce734a1d5cffcb6d34aa0a5aec17f626159aab24cc9ee04c1
AU-01-WATE-202507,202507/AU-01-WATE-202507.pdf,AU-01-WATE-202507.pdf,AU-01,Water,202507,Great Dividing Water Corp,southern,digital,none,3577,f3843f5b6458ccdb8a3297f7e42102ce3335844490667eabaaa93db7d1f9e656
SG-01-ELEC-202508,202508/SG-01-ELEC-202508.pdf,SG-01-ELEC-202508.pdf,SG-01,Electricity,202508,Meridian Power Singapore Pte Ltd,meridian,digital,none,4061,3c1b22d6d224542c1ddbb9b8ebf5f7a099ebb8cd01a960962d16962545060d88
SG-01-WATE-202508,202508/SG-01-WATE-202508.pdf,SG-01-WATE-202508.pdf,SG-01,Water,202508,Island Water Authority,meridian,digital,none,3788,be1a69a5f6117cccad109d15f2ab84e379b4068ac42dd8827e8d595deab67409
MY-01-ELEC-202508,202508/MY-01-ELEC-202508.pdf,MY-01-ELEC-202508.pdf,MY-01,Electricity,202508,Nusantara Elektrik Berhad,nusantara,digital,none,4726,68763460a4791b2d6e87e7e470b16f73c41ec14b59ec3a64951d9d44433d96f4
MY-01-WATE-202508,202508/MY-01-WATE-202508.pdf,MY-01-WATE-202508.pdf,MY-01,Water,202508,Selatan Air Sdn Bhd,nusantara,scanned,light,633432,d8669e103bde8cb934be99720806970364868363d2d462eac1c71abb449262bd
IN-01-ELEC-202508,202508/IN-01-ELEC-202508.pdf,IN-01-ELEC-202508.pdf,IN-01,Electricity,202508,Bharat Grid Utilities Ltd,bharat,digital,none,4727,838f2eb251329dbb1e8dce65ada0eb06b7d981d9e15293189efb9688f2faf703
IN-01-WATE-202508,202508/IN-01-WATE-202508.pdf,IN-01-WATE-202508.pdf,IN-01,Water,202508,Deccan Water Board,bharat,digital,none,4410,672204ab48c8277495fb69557792dad2bb8936403b36ecc7608faa8d573225c9
AU-01-ELEC-202508,202508/AU-01-ELEC-202508.pdf,AU-01-ELEC-202508.pdf,AU-01,Electricity,202508,Southern Cross Energy Pty Ltd,southern,digital,none,3834,0ad8f020d74408093d17f4f9f6df9ccb63eb803401177796029e04fd2d594255
AU-01-WATE-202508,202508/AU-01-WATE-202508.pdf,AU-01-WATE-202508.pdf,AU-01,Water,202508,Great Dividing Water Corp,southern,digital,none,3579,a9badad6759442fccab36dae0b947942f42d674954fb5cb94bd378e371b83810
SG-01-ELEC-202509,202509/SG-01-ELEC-202509.pdf,SG-01-ELEC-202509.pdf,SG-01,Electricity,202509,Meridian Power Singapore Pte Ltd,meridian,digital,none,4063,8ff6c03a6b7e3437ca6814b50a3e78fcd6b6a56f5f72e8ccf18c64ce4a72fcfb
SG-01-WATE-202509,202509/SG-01-WATE-202509.pdf,SG-01-WATE-202509.pdf,SG-01,Water,202509,Island Water Authority,meridian,digital,none,3785,1f35ff2ba7c4c48307c61c79c34d8da6ac7ffd6acee52f81ec4babe04d857f3a
MY-01-ELEC-202509,202509/MY-01-ELEC-202509.pdf,MY-01-ELEC-202509.pdf,MY-01,Electricity,202509,Nusantara Elektrik Berhad,nusantara,digital,none,4733,13926a5a802f288a7be8c2f1a45cbf8839af1dfbbef9eff5924ef7b79c28ddb1
MY-01-WATE-202509,202509/MY-01-WATE-202509.pdf,MY-01-WATE-202509.pdf,MY-01,Water,202509,Selatan Air Sdn Bhd,nusantara,digital,none,4380,53b277192de996a924b8049210df3d3581c8bd61630e37858ea66e4cb3653e4b
IN-01-ELEC-202509,202509/IN-01-ELEC-202509.pdf,IN-01-ELEC-202509.pdf,IN-01,Electricity,202509,Bharat Grid Utilities Ltd,bharat,scanned,moderate,275757,e07054dc5fefe702aaa401f8350c7d6dd3082335cb98f5117474ceaeeb553a52
IN-01-WATE-202509,202509/IN-01-WATE-202509.pdf,IN-01-WATE-202509.pdf,IN-01,Water,202509,Deccan Water Board,bharat,digital,none,4409,b9b86ba715ff6ae03d523872613d64817a516bec9c9baa2850e858dee1f10cf5
AU-01-ELEC-202509,202509/AU-01-ELEC-202509.pdf,AU-01-ELEC-202509.pdf,AU-01,Electricity,202509,Southern Cross Energy Pty Ltd,southern,digital,none,3829,4d5b039bf692b801a4450ba408677fbfe48e6fc5535dca19176099c6eb5f6dff
AU-01-WATE-202509,202509/AU-01-WATE-202509.pdf,AU-01-WATE-202509.pdf,AU-01,Water,202509,Great Dividing Water Corp,southern,digital,none,3573,4999de75a39cf55f1bfc45786a102e66eee66754a183c08d09040365b46e296d
SG-01-ELEC-202510,202510/SG-01-ELEC-202510.pdf,SG-01-ELEC-202510.pdf,SG-01,Electricity,202510,Meridian Power Singapore Pte Ltd,meridian,digital,none,4058,3e9518664963a0acf9289cfd2359fcf8de3ced0e8b9d474574da4d83058c0575
SG-01-WATE-202510,202510/SG-01-WATE-202510.pdf,SG-01-WATE-202510.pdf,SG-01,Water,202510,Island Water Authority,meridian,digital,none,3779,d5ceb11e0b4dec047bee7c7c762d0dd8c52567fcffec3257e22422f82191a66e
MY-01-ELEC-202510,202510/MY-01-ELEC-202510.pdf,MY-01-ELEC-202510.pdf,MY-01,Electricity,202510,Nusantara Elektrik Berhad,nusantara,digital,none,4724,e47493df663cd9632fb95317c8bf00a0e4b70da66084106095a5f1467053759e
MY-01-WATE-202510,202510/MY-01-WATE-202510.pdf,MY-01-WATE-202510.pdf,MY-01,Water,202510,Selatan Air Sdn Bhd,nusantara,digital,none,4385,634c51ce1d2d8decf8d683fa5f3c339768d3aeda21965aee3c637433c6f5f76d
IN-01-ELEC-202510,202510/IN-01-ELEC-202510.pdf,IN-01-ELEC-202510.pdf,IN-01,Electricity,202510,Bharat Grid Utilities Ltd,bharat,digital,none,4723,fa97a99c4d2f1a808e15a3a1f184f70419ff22908c0170a4241877cf8c09976e
IN-01-WATE-202510,202510/IN-01-WATE-202510.pdf,IN-01-WATE-202510.pdf,IN-01,Water,202510,Deccan Water Board,bharat,digital,none,4405,08c13f681bbd247b3776014d20bd6262be8eb3b68982ce219b19653728d767ea
AU-01-ELEC-202510,202510/AU-01-ELEC-202510.pdf,AU-01-ELEC-202510.pdf,AU-01,Electricity,202510,Southern Cross Energy Pty Ltd,southern,digital,none,3823,56d4acb37a9e3a9bcc603d49c8c9bebe944929389c07eb9e4348adc5d76e97c7
AU-01-WATE-202510,202510/AU-01-WATE-202510.pdf,AU-01-WATE-202510.pdf,AU-01,Water,202510,Great Dividing Water Corp,southern,digital,none,3570,e58e0cbdb4d9ce7efecbf337aebfb224eb3e7298d228633a39a62c569ebab451
SG-01-ELEC-202511,202511/SG-01-ELEC-202511.pdf,SG-01-ELEC-202511.pdf,SG-01,Electricity,202511,Meridian Power Singapore Pte Ltd,meridian,digital,none,4073,9b72f57a9844239385e477a4588768d96181eadfe261df66d3a5973af988adf2
SG-01-WATE-202511,202511/SG-01-WATE-202511.pdf,SG-01-WATE-202511.pdf,SG-01,Water,202511,Island Water Authority,meridian,digital,none,3795,004db9ac557029ec3d0e9145138761c8ab027c44d3fdb2d6fb3165092800ff10
MY-01-ELEC-202511,202511/MY-01-ELEC-202511.pdf,MY-01-ELEC-202511.pdf,MY-01,Electricity,202511,Nusantara Elektrik Berhad,nusantara,digital,none,4732,95da1eea47f7f15414794ad652e8bac1d0c4207fd1ffea9e6cedd39bee3b43b9
MY-01-WATE-202511,202511/MY-01-WATE-202511.pdf,MY-01-WATE-202511.pdf,MY-01,Water,202511,Selatan Air Sdn Bhd,nusantara,digital,none,4382,1ed8a1be16b9f4567aa6127b31b6550a12d7dc7d60b7eece028d9c14ce6eec14
IN-01-ELEC-202511,202511/IN-01-ELEC-202511.pdf,IN-01-ELEC-202511.pdf,IN-01,Electricity,202511,Bharat Grid Utilities Ltd,bharat,digital,none,4713,4a2a08a150312f30985bb890a1fb3857554b06469cc0e02eeebc3c4b741d6215
IN-01-WATE-202511,202511/IN-01-WATE-202511.pdf,IN-01-WATE-202511.pdf,IN-01,Water,202511,Deccan Water Board,bharat,digital,none,4412,a654cdcf49a6b921e7d99a30348a0361fe19ba08bb13021375d5d8f847e9577a
AU-01-ELEC-202511,202511/AU-01-ELEC-202511.pdf,AU-01-ELEC-202511.pdf,AU-01,Electricity,202511,Southern Cross Energy Pty Ltd,southern,digital,none,3824,30ced43d3e83a9abab26d81210e2bd37b3bea1725396c76e071b33e3d1dab3b4
AU-01-WATE-202511,202511/AU-01-WATE-202511.pdf,AU-01-WATE-202511.pdf,AU-01,Water,202511,Great Dividing Water Corp,southern,digital,none,3572,aed954f8945ae3adaf7cabcc55a99cc78770bddf11e589976de9015590e62704
SG-01-ELEC-202512,202512/SG-01-ELEC-202512.pdf,SG-01-ELEC-202512.pdf,SG-01,Electricity,202512,Meridian Power Singapore Pte Ltd,meridian,digital,none,4065,ee4cc2a8200829350f27c6b423991ca4e2354fe9e2380e38907d4130f67cbd3a
SG-01-WATE-202512,202512/SG-01-WATE-202512.pdf,SG-01-WATE-202512.pdf,SG-01,Water,202512,Island Water Authority,meridian,digital,none,3778,c7c898e7089e4d89e48bc7fcc2a12d5b92dd121ef5945ed007e4faa69911e772
MY-01-ELEC-202512,202512/MY-01-ELEC-202512.pdf,MY-01-ELEC-202512.pdf,MY-01,Electricity,202512,Nusantara Elektrik Berhad,nusantara,digital,none,4734,14a9e4ffe6213e772d6c362061fde3edf2b8f2e76baa1fc4571f77ea15c89c1f
MY-01-WATE-202512,202512/MY-01-WATE-202512.pdf,MY-01-WATE-202512.pdf,MY-01,Water,202512,Selatan Air Sdn Bhd,nusantara,scanned,light,633363,fab1969f53dc2171846dc486ed43838c193c621ca74d260f4d7ee4f32b972bbc
IN-01-ELEC-202512,202512/IN-01-ELEC-202512.pdf,IN-01-ELEC-202512.pdf,IN-01,Electricity,202512,Bharat Grid Utilities Ltd,bharat,digital,none,4728,8ec39c189f1cb41e1da7f54879170a3e19612e5f59972a4aac292e4f5762e5b6
IN-01-WATE-202512,202512/IN-01-WATE-202512.pdf,IN-01-WATE-202512.pdf,IN-01,Water,202512,Deccan Water Board,bharat,digital,none,4413,bdb10c3ce464cb5b37d8a86382c6f04f4e47f4f60bf0155404e728845b696d73
AU-01-ELEC-202512,202512/AU-01-ELEC-202512.pdf,AU-01-ELEC-202512.pdf,AU-01,Electricity,202512,Southern Cross Energy Pty Ltd,southern,digital,none,3844,5586440b721d12ed737d6bf4677d9e04dabda7b035340aa2bc484ac31163d6f8
AU-01-WATE-202512,202512/AU-01-WATE-202512.pdf,AU-01-WATE-202512.pdf,AU-01,Water,202512,Great Dividing Water Corp,southern,digital,none,3564,b0032b3464197ac54391db227043ab526a85932a9f60a2c071a45685abc86ed4
SG-01-ELEC-202601,202601/SG-01-ELEC-202601.pdf,SG-01-ELEC-202601.pdf,SG-01,Electricity,202601,Meridian Power Singapore Pte Ltd,meridian,digital,none,4059,13799805e3b8d7241fbe520370c22c62590a9f470022ddca540397e02a756376
SG-01-WATE-202601,202601/SG-01-WATE-202601.pdf,SG-01-WATE-202601.pdf,SG-01,Water,202601,Island Water Authority,meridian,scanned,light,742090,1d74c24a3af7291477c2bc24f47296d4c515eec214b06da963784f2dfd1d8e66
MY-01-ELEC-202601,202601/MY-01-ELEC-202601.pdf,MY-01-ELEC-202601.pdf,MY-01,Electricity,202601,Nusantara Elektrik Berhad,nusantara,scanned,light,667295,92dddd9e480c31c01607b3e5fa1905e00be94882acc9fa24483eccd83dc82e47
MY-01-WATE-202601,202601/MY-01-WATE-202601.pdf,MY-01-WATE-202601.pdf,MY-01,Water,202601,Selatan Air Sdn Bhd,nusantara,scanned,light,783196,bfecb79973d664f98968020b3923831e22bc69b4e929e0495236932d9be98a65
IN-01-ELEC-202601,202601/IN-01-ELEC-202601.pdf,IN-01-ELEC-202601.pdf,IN-01,Electricity,202601,Bharat Grid Utilities Ltd,bharat,digital,none,4714,64ef399e2bb256bbe8f96f9a55ece49699858e2519b4fe0c2923b5cea2e36b34
IN-01-WATE-202601,202601/IN-01-WATE-202601.pdf,IN-01-WATE-202601.pdf,IN-01,Water,202601,Deccan Water Board,bharat,digital,none,4404,1f54a0bec43e2e14a0c03800ceab543a3f58263bbd37c6f5ce635c101636e7ec
AU-01-ELEC-202601,202601/AU-01-ELEC-202601.pdf,AU-01-ELEC-202601.pdf,AU-01,Electricity,202601,Southern Cross Energy Pty Ltd,southern,digital,none,3842,dc10df6f287a7b4990a7a526d6668db5f6dacbdcc6b20ed487d9039afe8fb481
AU-01-WATE-202601,202601/AU-01-WATE-202601.pdf,AU-01-WATE-202601.pdf,AU-01,Water,202601,Great Dividing Water Corp,southern,digital,none,3562,80b69ec120edb7dcebd86bf01df071e14537a7c831d4d609f3d01c010213e493
SG-01-ELEC-202602,202602/SG-01-ELEC-202602.pdf,SG-01-ELEC-202602.pdf,SG-01,Electricity,202602,Meridian Power Singapore Pte Ltd,meridian,digital,none,4059,c6f3c6f5239e12c67cea2662e2c5c993a722c6d2e35b1c558b0724a788f578f8
SG-01-WATE-202602,202602/SG-01-WATE-202602.pdf,SG-01-WATE-202602.pdf,SG-01,Water,202602,Island Water Authority,meridian,digital,none,3797,4946fd222ba8c84f314b3cb020b09188f3b4c5e3e6de47d0a78d9440c0555265
MY-01-ELEC-202602,202602/MY-01-ELEC-202602.pdf,MY-01-ELEC-202602.pdf,MY-01,Electricity,202602,Nusantara Elektrik Berhad,nusantara,scanned,moderate,312129,b3796d701a0908fd228ac9cca3cd21d0b4815f25fceed56222a407f688223f39
MY-01-WATE-202602,202602/MY-01-WATE-202602.pdf,MY-01-WATE-202602.pdf,MY-01,Water,202602,Selatan Air Sdn Bhd,nusantara,digital,none,4384,70d91e801555562699f2b5eb9a5ab1c179c644e4ac41c65505bae1b19c50263f
IN-01-ELEC-202602,202602/IN-01-ELEC-202602.pdf,IN-01-ELEC-202602.pdf,IN-01,Electricity,202602,Bharat Grid Utilities Ltd,bharat,digital,none,4729,b3a43e7692e1af8fb89d6208cd4dea8633c205b1efa4d5d09c8f246fc0e6589b
IN-01-WATE-202602,202602/IN-01-WATE-202602.pdf,IN-01-WATE-202602.pdf,IN-01,Water,202602,Deccan Water Board,bharat,digital,none,4407,38a7d73ccf17c7e0b8e7133f8ca647608e5204742d1dca7750227211be0720f1
AU-01-ELEC-202602,202602/AU-01-ELEC-202602.pdf,AU-01-ELEC-202602.pdf,AU-01,Electricity,202602,Southern Cross Energy Pty Ltd,southern,scanned,heavy,115307,8345b1791a9802b52ece70f1ab08ce9adc109a42b7336e1d4c0d7ef5548c57ab
AU-01-WATE-202602,202602/AU-01-WATE-202602.pdf,AU-01-WATE-202602.pdf,AU-01,Water,202602,Great Dividing Water Corp,southern,digital,none,3570,4fb5e9e6debcee5b87694c39fdfb64b713571dd411cfa615cada775eb2b27285
SG-01-ELEC-202603,202603/SG-01-ELEC-202603.pdf,SG-01-ELEC-202603.pdf,SG-01,Electricity,202603,Meridian Power Singapore Pte Ltd,meridian,scanned,heavy,135867,b06425306beaeb7463c3de02fd3a784b24a611fcaf6b8cfcdddf3b475493f83a
SG-01-WATE-202603,202603/SG-01-WATE-202603.pdf,SG-01-WATE-202603.pdf,SG-01,Water,202603,Island Water Authority,meridian,digital,none,3787,9b411887e96d9ce8cca9a2d671707720067f2fea61cb3469b1b01b70f35bd7db
MY-01-ELEC-202603,202603/MY-01-ELEC-202603.pdf,MY-01-ELEC-202603.pdf,MY-01,Electricity,202603,Nusantara Elektrik Berhad,nusantara,digital,none,4728,c54a5eceb9ffb34837d7d93ed59e39a883f34bf6aae3af4c46c885a54951b48a
MY-01-WATE-202603,202603/MY-01-WATE-202603.pdf,MY-01-WATE-202603.pdf,MY-01,Water,202603,Selatan Air Sdn Bhd,nusantara,digital,none,4382,4bf406829ceb2437e41474056a6619e9e54075bf5fe9e997e3d0a90b53e77823
IN-01-ELEC-202603,202603/IN-01-ELEC-202603.pdf,IN-01-ELEC-202603.pdf,IN-01,Electricity,202603,Bharat Grid Utilities Ltd,bharat,digital,none,4727,e2093e90f5caf1d4d8e257f776f0241c082d701da6783e15520cc1dddb40f810
IN-01-WATE-202603,202603/IN-01-WATE-202603.pdf,IN-01-WATE-202603.pdf,IN-01,Water,202603,Deccan Water Board,bharat,scanned,light,607061,ce595601ed71f0dda88c63973fcebb5a2ba6862343f6bc444473a83d652e526a
AU-01-ELEC-202603,202603/AU-01-ELEC-202603.pdf,AU-01-ELEC-202603.pdf,AU-01,Electricity,202603,Southern Cross Energy Pty Ltd,southern,digital,none,3837,624976f20b5a3b6c9b0b7290238e02d50f89e5f9f979f98cd024b50c517cd7d0
AU-01-WATE-202603,202603/AU-01-WATE-202603.pdf,AU-01-WATE-202603.pdf,AU-01,Water,202603,Great Dividing Water Corp,southern,digital,none,3565,a263277f74963612152994e6c00fe994cc0cc9afd981ef85965d9dff0f1827d1
SG-01-ELEC-202604,202604/SG-01-ELEC-202604.pdf,SG-01-ELEC-202604.pdf,SG-01,Electricity,202604,Meridian Power Singapore Pte Ltd,meridian,digital,none,4046,8cd3214bf9859eed5047cb3d1dab46fcab1a589f12e48327754b9d714f4ba725
SG-01-WATE-202604,202604/SG-01-WATE-202604.pdf,SG-01-WATE-202604.pdf,SG-01,Water,202604,Island Water Authority,meridian,scanned,light,597143,1884f1adea3584ef363edfd9635568259398beb8741de0a75dfdf13b1ea611fa
MY-01-ELEC-202604,202604/MY-01-ELEC-202604.pdf,MY-01-ELEC-202604.pdf,MY-01,Electricity,202604,Nusantara Elektrik Berhad,nusantara,digital,none,4726,1c31702b8806da7a95fb1f75315e89f212d1d8abad7d59c8ef31e42eedf011f7
MY-01-WATE-202604,202604/MY-01-WATE-202604.pdf,MY-01-WATE-202604.pdf,MY-01,Water,202604,Selatan Air Sdn Bhd,nusantara,digital,none,4375,667ccf3d59ddc1a98f3f9bcdc5e20a8cdb944983b619f12f21966daeb0f0d713
IN-01-ELEC-202604,202604/IN-01-ELEC-202604.pdf,IN-01-ELEC-202604.pdf,IN-01,Electricity,202604,Bharat Grid Utilities Ltd,bharat,scanned,light,630579,9bf9d5eeb7318ae13f60fbfad60d40ec827a0e0736c051a4f4b82f1eb81476ed
IN-01-WATE-202604,202604/IN-01-WATE-202604.pdf,IN-01-WATE-202604.pdf,IN-01,Water,202604,Deccan Water Board,bharat,digital,none,4405,b4e83610ba0ef753064d2d95aeaeaa6ddd1f30f5737ac98ac63b91abc936d2bd
AU-01-ELEC-202604,202604/AU-01-ELEC-202604.pdf,AU-01-ELEC-202604.pdf,AU-01,Electricity,202604,Southern Cross Energy Pty Ltd,southern,digital,none,3827,6d974d3532988eb486bd5278f775dbe22e3baf93b81815b887d21eb943d15fea
AU-01-WATE-202604,202604/AU-01-WATE-202604.pdf,AU-01-WATE-202604.pdf,AU-01,Water,202604,Great Dividing Water Corp,southern,digital,none,3567,28303ec94d9432d8db0d7a2ce625fb688dcccdc4d4cad727a928629c343964cb
SG-01-ELEC-202605,202605/SG-01-ELEC-202605.pdf,SG-01-ELEC-202605.pdf,SG-01,Electricity,202605,Meridian Power Singapore Pte Ltd,meridian,digital,none,4053,132bd18ee917639fe1f7d963e14308c57555b31d8713f68901457fe1dfde40c3
SG-01-WATE-202605,202605/SG-01-WATE-202605.pdf,SG-01-WATE-202605.pdf,SG-01,Water,202605,Island Water Authority,meridian,digital,none,3779,3de8a4325c4259e33f2325d2ab2f46f4573033bde71f33a80c514614e5fad34a
MY-01-ELEC-202605,202605/MY-01-ELEC-202605.pdf,MY-01-ELEC-202605.pdf,MY-01,Electricity,202605,Nusantara Elektrik Berhad,nusantara,digital,none,4724,815269828f4aa7e29f982bb97901835b409f14ffe965bf9ed47d03383aa4fe88
MY-01-WATE-202605,202605/MY-01-WATE-202605.pdf,MY-01-WATE-202605.pdf,MY-01,Water,202605,Selatan Air Sdn Bhd,nusantara,digital,none,4387,2e8d7cf481cd876ea7739a7d2634fa0ea2a6e0135f99cd69df25cc39bf1e912a
IN-01-ELEC-202605,202605/IN-01-ELEC-202605.pdf,IN-01-ELEC-202605.pdf,IN-01,Electricity,202605,Bharat Grid Utilities Ltd,bharat,scanned,heavy,118128,c9558068d89a011fef895d7a63e95ab4941e6ac9c3411dd84717152810538992
IN-01-WATE-202605,202605/IN-01-WATE-202605.pdf,IN-01-WATE-202605.pdf,IN-01,Water,202605,Deccan Water Board,bharat,digital,none,4409,489206d75fb07296ac6fabb3301c7b0a07ac3fcf2a735da656d7c891f93ff243
AU-01-ELEC-202605,202605/AU-01-ELEC-202605.pdf,AU-01-ELEC-202605.pdf,AU-01,Electricity,202605,Southern Cross Energy Pty Ltd,southern,digital,none,3826,63e0f634991ac0badd2b8398ae4e940142ebba311e3668094d2c288e4f59b6ed
AU-01-WATE-202605,202605/AU-01-WATE-202605.pdf,AU-01-WATE-202605.pdf,AU-01,Water,202605,Great Dividing Water Corp,southern,digital,none,3572,0f9888570224659769b4dc1e866232add5bb4949deff6d21a46703cec3ff0a61
SG-01-ELEC-202606,202606/SG-01-ELEC-202606.pdf,SG-01-ELEC-202606.pdf,SG-01,Electricity,202606,Meridian Power Singapore Pte Ltd,meridian,digital,none,4056,ae2431a94eb95f0a865b3d6e0489c02e22bc1bdbd97522d723dcd5774336b70c
SG-01-WATE-202606,202606/SG-01-WATE-202606.pdf,SG-01-WATE-202606.pdf,SG-01,Water,202606,Island Water Authority,meridian,digital,none,3780,0cbb38b69e6912a40516d5fcbf7b497006c4b7877cfea0a749200ffd8321c76c
MY-01-ELEC-202606,202606/MY-01-ELEC-202606.pdf,MY-01-ELEC-202606.pdf,MY-01,Electricity,202606,Nusantara Elektrik Berhad,nusantara,scanned,light,772865,1ec51ebcab964bfed660f6bdabea96e96076a25ae4381ddc3e62885eb25156ed
MY-01-WATE-202606,202606/MY-01-WATE-202606.pdf,MY-01-WATE-202606.pdf,MY-01,Water,202606,Selatan Air Sdn Bhd,nusantara,scanned,light,635127,4a9448bf6c5558fead616a7db601510ec641e3b9b92506d21c5396455960470c
IN-01-ELEC-202606,202606/IN-01-ELEC-202606.pdf,IN-01-ELEC-202606.pdf,IN-01,Electricity,202606,Bharat Grid Utilities Ltd,bharat,digital,none,4729,0dd547b79b30df3de374b0d476a20284e5119fc9eb7bdb951dc1ebb248fcb029
IN-01-WATE-202606,202606/IN-01-WATE-202606.pdf,IN-01-WATE-202606.pdf,IN-01,Water,202606,Deccan Water Board,bharat,digital,none,4407,277aaaa046055a6730821a3fa1d9da067ab427d8f7c1743e86d7f845a6ee0387
AU-01-ELEC-202606,202606/AU-01-ELEC-202606.pdf,AU-01-ELEC-202606.pdf,AU-01,Electricity,202606,Southern Cross Energy Pty Ltd,southern,scanned,light,710022,f39a2e6a2599e5aa6eaf0de01bc043f0f38c84c7b17614dc9c8272484f6cc60a
AU-01-WATE-202606,202606/AU-01-WATE-202606.pdf,AU-01-WATE-202606.pdf,AU-01,Water,202606,Great Dividing Water Corp,southern,digital,none,3578,5c92bafa6705ca261417782ef00e697f7f242ae27e1a812a2d79c7b5150c4012
