AssetKey,PlantKey,LineKey,AssetCode,AssetName,AssetType,InstallDate,Criticality
1,1,1,AST-00001,Motor Unit 1,Motor,2020-08-24,High
2,1,1,AST-00002,Conveyor Unit 2,Conveyor,2020-02-22,High
3,1,1,AST-00003,Press Unit 3,Press,2022-02-05,Medium
4,1,1,AST-00004,Sensor Unit 4,Sensor,2020-08-13,Low
5,1,1,AST-00005,PLC Unit 5,PLC,2020-11-23,Low
6,1,2,AST-00006,Motor Unit 1,Motor,2021-12-12,High
7,1,2,AST-00007,Conveyor Unit 2,Conveyor,2021-09-29,Medium
8,1,2,AST-00008,Press Unit 3,Press,2020-08-28,High
9,1,2,AST-00009,Sensor Unit 4,Sensor,2021-02-01,Medium
10,1,2,AST-00010,PLC Unit 5,PLC,2021-02-14,Medium
11,2,3,AST-00011,Motor Unit 1,Motor,2019-07-14,Medium
12,2,3,AST-00012,Conveyor Unit 2,Conveyor,2021-03-26,High
13,2,3,AST-00013,Press Unit 3,Press,2021-12-10,Low
14,2,3,AST-00014,Sensor Unit 4,Sensor,2020-11-16,High
15,2,3,AST-00015,PLC Unit 5,PLC,2022-10-02,Medium
16,2,4,AST-00016,Motor Unit 1,Motor,2021-08-11,Low
17,2,4,AST-00017,Conveyor Unit 2,Conveyor,2019-12-24,High
18,2,4,AST-00018,Press Unit 3,Press,2020-03-12,Medium
19,2,4,AST-00019,Sensor Unit 4,Sensor,2021-01-29,Low
20,2,4,AST-00020,PLC Unit 5,PLC,2022-06-14,Low
21,3,5,AST-00021,Motor Unit 1,Motor,2020-10-08,Medium
22,3,5,AST-00022,Conveyor Unit 2,Conveyor,2019-07-06,High
23,3,5,AST-00023,Press Unit 3,Press,2021-01-12,Low
24,3,5,AST-00024,Sensor Unit 4,Sensor,2020-11-01,Medium
25,3,5,AST-00025,PLC Unit 5,PLC,2021-12-18,High
26,3,6,AST-00026,Motor Unit 1,Motor,2022-10-29,High
27,3,6,AST-00027,Conveyor Unit 2,Conveyor,2019-11-06,High
28,3,6,AST-00028,Press Unit 3,Press,2019-10-27,High
29,3,6,AST-00029,Sensor Unit 4,Sensor,2021-11-09,Low
30,3,6,AST-00030,PLC Unit 5,PLC,2022-05-16,Medium
31,4,7,AST-00031,Motor Unit 1,Motor,2022-06-15,Medium
32,4,7,AST-00032,Conveyor Unit 2,Conveyor,2020-01-26,Medium
33,4,7,AST-00033,Press Unit 3,Press,2020-10-19,Low
34,4,7,AST-00034,Sensor Unit 4,Sensor,2020-05-16,Medium
35,4,7,AST-00035,PLC Unit 5,PLC,2021-03-30,Low
36,4,8,AST-00036,Motor Unit 1,Motor,2020-11-26,High
37,4,8,AST-00037,Conveyor Unit 2,Conveyor,2022-06-09,Medium
38,4,8,AST-00038,Press Unit 3,Press,2020-08-21,Medium
39,4,8,AST-00039,Sensor Unit 4,Sensor,2022-09-28,Medium
40,4,8,AST-00040,PLC Unit 5,PLC,2022-05-16,Medium
