MaintenanceEventID,DateKey,PlantKey,LineKey,AssetKey,EventType,DowntimeMinutes,RootCause,MaintenanceCost,PreventiveFlag,TechnicianTeam
1,20240102,1,1,3,Preventive,24,Bearing Wear,153.10572878984328,TRUE,Tech-Y
2,20240103,2,4,16,Preventive,20,Sensor Drift,186.00162258065822,Y,Tech-Z
3,20240106,2,3,11,Corrective,71,Software Glitch,388.5526122363591,0,Tech-Y
4,20240107,2,3,11,Emergency,46,Software Glitch,578.3626431562215,0,Tech-Y
5,20240110,4,8,40,Corrective,32,Sensor Drift,381.6082115975329,0,Tech-Y
6,20240112,1,1,3,Corrective,44,Calibration Error,381.5210671721866,FALSE,Tech-Y
7,20240113,2,3,12,Preventive,16,Sensor Drift,166.20242678911967,1,Tech-X
8,20240119,2,4,16,Preventive,21,Sensor Drift,136.51297615302582,1,Tech-X
9,20240121,1,2,8,Corrective,40,Bearing Wear,490.6553879866945,N,Tech-Y
10,20240122,3,5,23,Preventive,9,Bearing Wear,72.43292877247814,1,Tech-Z
11,20240126,3,6,28,Preventive,22,Calibration Error,271.05463429553214,1,Tech-X
12,20240129,4,7,34,Preventive,20,Sensor Drift,161.81365612696794,YES,Tech-Z
13,20240130,1,1,4,Preventive,24,Sensor Drift,185.0311662709379,YES,Tech-Y
14,20240205,3,5,25,Preventive,19,Calibration Error,180.83251412445935,true,Tech-Y
15,20240206,2,3,14,Corrective,33,Sensor Drift,334.0119688658495,FALSE,Tech-X
16,20240210,4,7,34,Corrective,23,Sensor Drift,339.29869572893904,0,Tech-Y
17,20240213,4,7,32,Preventive,25,Sensor Drift,307.08166717647504,1,Tech-X
18,20240221,2,3,11,Emergency,68,Sensor Drift,460.0213511703085,0,Tech-Y
19,20240227,3,5,23,Corrective,23,Sensor Drift,339.4600872657424,0,Tech-Z
20,20240312,3,5,24,Preventive,10,Sensor Drift,130.47240106484156,1,Tech-Y
21,20240319,2,3,15,Preventive,21,Software Glitch,149.0069556143606,1,Tech-Y
22,20240321,4,7,34,Preventive,34,Sensor Drift,502.24997098955225,1,Tech-X
23,20240327,4,8,37,Corrective,23,Software Glitch,196.0074747644344,0,Tech-Z
24,20240328,1,1,2,Preventive,35,Bearing Wear,370.2554659961978,1,Tech-Y
25,20240329,2,3,14,Preventive,21,Bearing Wear,133.43597728731785,Y,Tech-X
26,20240330,2,3,13,Preventive,18,Software Glitch,160.65946806215024,1,Tech-Y
27,20240403,1,1,1,Preventive,18,Bearing Wear,186.7765430587559,1,Tech-X
28,20240405,3,5,25,Preventive,15,Bearing Wear,164.08808989291748,1,Tech-Z
29,20240408,3,6,27,Corrective,27,Bearing Wear,164.0057391941326,N,Tech-X
30,20240410,4,7,35,Preventive,31,Calibration Error,248.21039569291955,1,Tech-Y
31,20240412,2,3,13,Preventive,16,Calibration Error,230.74397664306488,1,Tech-X
32,20240413,3,5,23,Preventive,12,Sensor Drift,110.72280484413704,1,Tech-X
33,20240414,3,6,27,Corrective,17,Calibration Error,108.1320898981406,0,Tech-Z
34,20240418,4,8,40,Corrective,16,Sensor Drift,180.2952349601061,false,Tech-Z
35,20240420,1,2,9,Preventive,19,Software Glitch,250.12485313690283,Y,Tech-Z
36,20240426,1,2,7,Preventive,15,Calibration Error,133.99905727984208,1,Tech-Y
37,20240428,4,7,33,Preventive,23,Bearing Wear,339.44408849815255,1,Tech-X
38,20240429,2,3,13,Preventive,10,Calibration Error,138.53350104490477,1,Tech-Y
39,20240501,1,2,10,Preventive,9,Calibration Error,61.42090929532279,1,Tech-X
40,20240512,4,8,36,Preventive,17,Sensor Drift,111.248847186964,1,Tech-X
41,20240513,2,4,16,Corrective,33,Software Glitch,415.6348339695999,0,Tech-Z
42,20240517,4,8,36,Preventive,21,Sensor Drift,308.99214296068857,1,Tech-Z
43,20240520,2,3,13,Preventive,22,Bearing Wear,133.50270424451506,1,Tech-X
44,20240527,1,2,10,Preventive,25,,278.82513023511075,1,Tech-Z
45,20240528,4,7,33,Preventive,32,Software Glitch,291.2399078884453,1,Tech-Z
46,20240529,4,7,32,Preventive,16,Calibration Error,126.79748842350433,1,Tech-Z
47,20240601,2,3,12,Preventive,9,Bearing Wear,120.27665988937571,1,Tech-Y
48,20240603,3,5,24,Corrective,35,Bearing Wear,336.7475113717086,0,Tech-X
49,20240607,4,8,40,Preventive,20,Sensor Drift,131.7935826481298,1,Tech-Z
50,20240612,3,6,27,Preventive,13,Calibration Error,85.0552712581052,1,Tech-Y
51,20240614,4,7,34,Preventive,28,Calibration Error,242.7126441959175,1,Tech-Z
52,20240620,4,8,38,Preventive,9,Sensor Drift,109.10900925317345,1,Tech-Z
53,20240621,4,7,32,Preventive,25,Sensor Drift,304.8996711890899,1,Tech-Z
54,20240623,4,7,35,Corrective,26,Bearing Wear,226.89611383262485,0,Tech-X
55,20240627,1,2,10,Preventive,22,Bearing Wear,148.4428056390174,1,Tech-X
56,20240702,4,8,38,Preventive,12,Calibration Error,103.08294296746013,1,Tech-Y
57,20240706,2,3,14,Corrective,28,Sensor Drift,316.9780313687492,n,Tech-Z
58,20240710,4,8,40,Preventive,17,Bearing Wear,221.222683103493,y,Tech-Y
59,20240719,2,3,11,Emergency,51,Calibration Error,402.6045364695346,0,Tech-Y
60,20240720,3,5,25,Corrective,34,Software Glitch,323.8425301656176,0,Tech-Y
61,20240725,4,8,36,Preventive,17,Sensor Drift,180.7748245065896,1,Tech-Z
62,20240727,3,5,24,Corrective,43,Software Glitch,393.36051817670904,0,Tech-X
63,20240728,2,3,14,Preventive,18,Sensor Drift,192.82086274283688,y,Tech-Z
64,20240729,4,8,40,Preventive,22,Calibration Error,288.09991846134994,1,Tech-X
65,20240807,4,8,37,Preventive,26,Sensor Drift,299.8184923019801,1,Tech-Y
66,20240820,1,2,8,Corrective,36,Sensor Drift,371.2039964271266,false,Tech-Z
67,20240821,3,6,30,Preventive,19,Software Glitch,268.01273317986096,1,Tech-X
68,20240824,2,3,14,Preventive,17,Bearing Wear,188.1706327825916,YES,Tech-Y
69,20240825,2,4,16,Corrective,36,,310.1641754224093,0,Tech-Y
70,20240826,1,1,4,Preventive,26,Software Glitch,386.4588900224155,y,Tech-X
71,20240827,2,4,17,Preventive,25,Sensor Drift,190.6043825620377,1,Tech-Y
72,20240828,1,1,5,Corrective,21,Sensor Drift,163.355644696423,false,Tech-X
73,20240831,1,2,6,Preventive,30,Calibration Error,356.35021757992456,y,Tech-Z
74,20240902,4,7,31,Preventive,33,Sensor Drift,350.05340882624085,true,Tech-X
75,20240905,2,4,17,Preventive,25,Sensor Drift,212.99776556441356,1,Tech-X
76,20240908,3,6,30,Corrective,38,Bearing Wear,203.13326315707076,0,Tech-X
77,20240912,4,8,36,Preventive,12,Bearing Wear,132.73253635760585,1,Tech-Z
78,20240917,4,8,40,Corrective,24,Sensor Drift,159.6623555135106,0,Tech-Y
79,20240927,2,4,18,Corrective,30,Software Glitch,343.47419884952154,0,Tech-Z
80,20240928,4,7,33,Preventive,33,Bearing Wear,242.5868239866553,1,Tech-Y
81,20240929,4,7,32,Preventive,25,Sensor Drift,201.9119519267064,1,Tech-Y
82,20241001,3,6,26,Preventive,13,Software Glitch,74.11632086005501,true,Tech-X
83,20241007,2,4,16,Preventive,9,Bearing Wear,70.04328366463936,1,Tech-Y
84,20241008,1,1,3,Corrective,40,Bearing Wear,598.9426711878933,0,Tech-Y
85,20241011,1,1,2,Corrective,44,Software Glitch,607.3856942647575,0,Tech-Y
86,20241013,1,2,7,Preventive,23,Bearing Wear,315.9889694408,1,Tech-X
87,20241017,4,7,35,Preventive,40,Software Glitch,544.5772799587984,1,Tech-Y
88,20241024,1,2,6,Corrective,20,Sensor Drift,114.0379281155121,N,Tech-X
89,20241027,2,4,19,Corrective,28,Sensor Drift,418.41473197003313,n,Tech-X
90,20241029,3,5,21,Corrective,39,Software Glitch,408.0230413488443,0,Tech-Z
91,20241101,4,8,40,Preventive,11,Bearing Wear,151.9278579158412,TRUE,Tech-Y
92,20241109,1,1,2,Preventive,33,Bearing Wear,485.5844694617426,y,Tech-Z
93,20241112,4,8,38,Preventive,26,Bearing Wear,221.9699033648677,1,Tech-Z
94,20241113,1,2,10,Preventive,19,Software Glitch,243.08861557730117,1,Tech-X
95,20241116,3,6,30,Preventive,22,Sensor Drift,195.1609692036017,1,Tech-Z
96,20241122,4,7,31,Corrective,40,Software Glitch,231.8156885589389,0,Tech-Z
97,20241123,2,4,19,Corrective,32,Sensor Drift,393.9615995538027,0,Tech-Y
98,20241126,3,5,24,Preventive,22,Sensor Drift,145.6271860276593,1,Tech-Z
99,20241201,4,8,37,Preventive,26,Calibration Error,220.98799137580818,1,Tech-Y
100,20241202,2,3,13,Corrective,38,,201.17685813175805,0,Tech-Y
101,20241206,3,5,21,Preventive,11,Sensor Drift,113.38443708250159,1,Tech-Z
102,20241213,4,7,35,Preventive,44,Calibration Error,256.5392784440483,1,Tech-Z
103,20241215,2,4,17,Preventive,12,Sensor Drift,121.84453377360276,1,Tech-Z
104,20241218,3,6,26,Preventive,25,Sensor Drift,326.5448667131369,1,Tech-Y
105,20241219,2,4,18,Preventive,42,Sensor Drift,445.0087898405664,Y,Tech-X
106,20241222,2,3,11,Corrective,70,Software Glitch,800.9907114535215,n,Tech-Z
107,20241225,1,2,10,Corrective,35,Calibration Error,242.31123448139758,0,Tech-Z
108,20241226,3,5,22,Preventive,24,Calibration Error,196.7933958034398,1,Tech-Z
109,20250105,4,7,35,Preventive,19,Bearing Wear,180.4879260896847,1,Tech-X
110,20250108,3,5,24,Corrective,38,Sensor Drift,467.56028134485445,0,Tech-X
111,20250110,4,7,34,Preventive,25,Calibration Error,194.8704520046528,YES,Tech-Z
112,20250114,2,3,11,Corrective,77,Software Glitch,529.3551907595033,false,Tech-Z
113,20250130,3,5,21,Corrective,36,Software Glitch,304.78300735224417,0,Tech-Z
114,20250131,4,7,35,Corrective,44,Software Glitch,653.8848110201172,0,Tech-Y
115,20250201,1,1,2,Preventive,16,Calibration Error,123.21057144828904,1,Tech-Z
116,20250207,3,5,23,Preventive,10,Calibration Error,50.765823052902576,1,Tech-Z
117,20250208,1,1,3,Preventive,17,Calibration Error,228.19236648426548,1,Tech-Y
118,20250213,3,5,24,Preventive,21,Software Glitch,139.41299084355492,1,Tech-Z
119,20250215,2,4,18,Preventive,31,Sensor Drift,281.875652789205,1,Tech-Y
120,20250218,4,8,36,Preventive,10,Software Glitch,125.22532767832054,1,Tech-Y
121,20250220,4,7,33,Preventive,22,Bearing Wear,171.11191391108076,TRUE,Tech-X
122,20250222,2,3,13,Preventive,18,Bearing Wear,151.9500902912206,1,Tech-Z
123,20250226,4,7,33,Preventive,43,Software Glitch,596.0877488540874,Y,Tech-Y
124,20250302,1,2,7,Preventive,14,Bearing Wear,203.67628956406253,1,Tech-Z
125,20250306,1,1,5,Corrective,37,Bearing Wear,349.09748762298995,0,Tech-X
126,20250309,2,3,11,Emergency,45,,412.46350904892745,0,Tech-Z
127,20250310,2,4,20,Preventive,18,Software Glitch,125.49843303102945,1,Tech-X
128,20250313,4,7,32,Preventive,10,Calibration Error,89.12646774704814,YES,Tech-Y
129,20250316,1,1,2,Preventive,41,Sensor Drift,219.62080657930863,TRUE,Tech-Y
130,20250325,2,4,19,Preventive,18,Sensor Drift,251.03413025950843,1,Tech-Y
131,20250327,4,8,38,Preventive,13,Software Glitch,180.80384857086216,y,Tech-Z
132,20250328,3,6,30,Preventive,15,Calibration Error,189.3032193598076,1,Tech-X
133,20250330,2,4,18,Preventive,37,Calibration Error,544.7054305010784,1,Tech-Z
134,20250407,2,3,11,Emergency,74,Bearing Wear,807.5110601063285,0,Tech-X
135,20250409,4,7,32,Preventive,12,Calibration Error,100.23558788204004,1,Tech-X
136,20250412,2,4,20,Corrective,31,Software Glitch,298.5552923802047,0,Tech-Z
137,20250414,3,5,24,Preventive,15,Software Glitch,166.78546072770303,y,Tech-Z
138,20250415,4,8,40,Preventive,22,Bearing Wear,295.74082779761954,1,Tech-Z
139,20250416,1,2,7,Preventive,25,Sensor Drift,282.1198420781809,Y,Tech-X
140,20250417,3,5,23,Preventive,15,Bearing Wear,224.99582210519736,1,Tech-Y
141,20250418,3,6,29,Preventive,16,Software Glitch,133.65447649092664,1,Tech-X
142,20250420,3,6,27,Corrective,35,Sensor Drift,440.90830186889,FALSE,Tech-Z
143,20250422,1,2,9,Corrective,32,Software Glitch,343.355388533388,0,Tech-X
144,20250426,1,2,6,Corrective,25,Sensor Drift,172.66476226169848,n,Tech-Z
145,20250501,3,6,26,Preventive,12,Calibration Error,148.90370317971713,1,Tech-Z
146,20250512,2,3,15,Corrective,18,Software Glitch,179.9916728980198,0,Tech-X
147,20250513,3,5,23,Corrective,22,Bearing Wear,234.6925448317251,NO,Tech-Y
148,20250514,3,5,25,Preventive,16,Sensor Drift,140.66735021694095,1,Tech-Z
149,20250518,4,8,37,Preventive,9,Software Glitch,81.54722774213457,1,Tech-Z
150,20250520,2,4,17,Preventive,23,Calibration Error,305.88509677711374,1,Tech-X
151,20250521,4,7,34,Preventive,27,,188.52935131734506,1,Tech-Y
152,20250528,4,8,40,Preventive,25,Software Glitch,197.64711660809687,1,Tech-Y
153,20250529,4,7,32,Preventive,14,Calibration Error,171.71569683616127,1,Tech-Y
154,20250603,3,6,27,Preventive,13,Bearing Wear,138.19208936251354,1,Tech-Y
155,20250605,1,2,9,Corrective,16,Bearing Wear,84.14358646435409,0,Tech-Z
156,20250607,1,2,10,Corrective,44,Sensor Drift,298.70276389163746,FALSE,Tech-Z
157,20250613,4,8,38,Corrective,32,Bearing Wear,361.40845117982576,0,Tech-Z
158,20250614,3,6,28,Preventive,21,Calibration Error,300.99885326938886,1,Tech-Z
159,20250618,1,1,5,Preventive,21,Calibration Error,188.60067794481424,y,Tech-Z
160,20250621,1,1,5,Preventive,10,Sensor Drift,89.355095015367,1,Tech-X
161,20250622,4,7,31,Preventive,39,Sensor Drift,580.3276910282669,1,Tech-Z
162,20250627,3,6,30,Preventive,25,Sensor Drift,314.12765025026937,1,Tech-Y
163,20250702,2,3,13,Preventive,26,,170.75060982488026,1,Tech-X
164,20250706,3,6,26,Corrective,34,Software Glitch,369.82331687190896,0,Tech-X
165,20250712,4,8,36,Corrective,36,Bearing Wear,520.4310108139366,false,Tech-Z
166,20250713,4,7,35,Corrective,28,Software Glitch,142.66743101957982,N,Tech-Z
167,20250715,3,5,22,Preventive,22,Bearing Wear,314.78768693416106,1,Tech-Y
168,20250719,2,3,12,Preventive,16,Sensor Drift,222.61085979499595,TRUE,Tech-Z
169,20250724,3,5,23,Preventive,15,Software Glitch,171.12729341764162,true,Tech-Y
170,20250727,4,7,32,Preventive,17,Software Glitch,140.5440889219015,1,Tech-X
171,20250730,1,1,3,Preventive,19,Bearing Wear,232.63832661081312,1,Tech-X
172,20250804,1,1,5,Preventive,15,Bearing Wear,215.98862930421217,1,Tech-Y
173,20250808,4,7,35,Preventive,25,Calibration Error,257.9235308898509,1,Tech-X
174,20250811,3,5,24,Preventive,23,Bearing Wear,119.59861816191896,YES,Tech-X
175,20250816,3,5,24,Corrective,38,Sensor Drift,375.3913478963682,0,Tech-Y
176,20250822,4,7,33,Preventive,19,Software Glitch,209.54509785267652,1,Tech-Z
177,20250826,2,4,19,Preventive,24,Calibration Error,306.59342478049,1,Tech-Y
178,20250827,4,7,35,Preventive,31,Sensor Drift,332.03671682618074,1,Tech-Z
179,20250830,3,6,27,Preventive,15,Bearing Wear,84.3506115003967,1,Tech-Y
180,20250901,4,7,33,Corrective,20,Sensor Drift,186.26056545034834,N,Tech-Y
181,20250902,2,3,12,Preventive,19,Software Glitch,242.37295876313377,1,Tech-Z
182,20250904,1,2,10,Preventive,20,Bearing Wear,190.4146317307826,1,Tech-X
183,20250907,2,3,13,Corrective,37,Bearing Wear,356.00976911307237,0,Tech-Z
184,20250911,3,6,28,Preventive,18,Sensor Drift,215.3373214439093,1,Tech-Y
185,20250914,4,7,35,Preventive,28,,289.9567591691164,1,Tech-Y
186,20250917,4,7,31,Preventive,42,Calibration Error,253.63678835419395,1,Tech-X
187,20250918,4,8,38,Preventive,15,Calibration Error,154.72002809392214,y,Tech-Z
188,20250920,2,3,13,Preventive,15,Bearing Wear,147.86811122673916,1,Tech-Y
189,20250923,3,5,25,Corrective,28,Bearing Wear,408.85208437426047,0,Tech-Y
190,20250927,1,2,7,Preventive,9,Software Glitch,67.04907856798074,1,Tech-Z
191,20251014,2,3,12,Preventive,10,Calibration Error,119.55924708758644,1,Tech-Y
192,20251016,4,8,40,Preventive,16,Sensor Drift,223.87798429666924,1,Tech-X
193,20251017,3,5,25,Corrective,19,Calibration Error,254.7439417180732,0,Tech-Y
194,20251023,2,3,13,Preventive,10,Bearing Wear,113.99545883495158,1,Tech-Z
195,20251026,4,8,39,Preventive,25,Bearing Wear,263.125161478744,1,Tech-Y
196,20251028,4,8,36,Corrective,18,Sensor Drift,225.8249611515222,0,Tech-X
197,20251029,4,8,39,Corrective,22,Calibration Error,140.2110253585948,0,Tech-Y
198,20251030,1,2,9,Corrective,21,Sensor Drift,111.42413684773845,0,Tech-X
199,20251101,2,3,15,Preventive,19,Calibration Error,177.9781628853358,TRUE,Tech-X
200,20251104,2,3,14,Preventive,15,Calibration Error,202.791429032818,1,Tech-Y
201,20251107,1,1,4,Preventive,15,Calibration Error,221.99078194287017,1,Tech-Y
202,20251108,3,5,22,Preventive,15,Calibration Error,84.40825998185247,1,Tech-Z
203,20251111,1,2,9,Corrective,36,Calibration Error,288.2689376819054,false,Tech-Z
204,20251117,2,4,17,Preventive,21,Bearing Wear,290.8247026214802,Y,Tech-X
205,20251118,4,8,40,Preventive,19,Sensor Drift,118.80396281204669,1,Tech-X
206,20251121,1,2,7,Preventive,21,Sensor Drift,207.22341945920755,1,Tech-Z
207,20251122,2,4,17,Preventive,24,Sensor Drift,228.54052196078237,1,Tech-X
208,20251125,4,7,31,Corrective,18,Bearing Wear,142.10212425751504,0,Tech-Z
209,20251127,1,2,8,Preventive,18,Software Glitch,241.83688414947633,1,Tech-Z
210,20251128,4,8,39,Preventive,18,Bearing Wear,154.41417791497915,1,Tech-Y
211,20251206,4,7,35,Preventive,23,Sensor Drift,271.351741430484,1,Tech-Y
212,20251210,2,4,18,Preventive,43,Sensor Drift,403.8278038346221,1,Tech-Z
213,20251215,2,3,14,Preventive,12,,106.77515021800923,1,Tech-X
214,20251217,4,7,34,Preventive,22,,288.2374366380584,1,Tech-Z
215,20251218,3,6,30,Preventive,14,Bearing Wear,203.9248247499936,1,Tech-X
216,20251219,1,1,1,Preventive,22,Software Glitch,259.71085441244,1,Tech-Y
217,20251221,3,6,29,Preventive,16,Sensor Drift,199.54092648074604,1,Tech-Z
218,20251222,1,2,6,Preventive,23,Sensor Drift,292.191573684256,1,Tech-Z
219,20251223,3,6,30,Corrective,27,Software Glitch,325.5687607856031,0,Tech-Y
220,20251226,1,1,1,Preventive,10,Calibration Error,143.99981190552433,1,Tech-X
221,20251228,1,2,7,Preventive,11,Software Glitch,138.90023689013168,YES,Tech-X
222,20260101,4,7,34,Preventive,36,Software Glitch,224.53367191592153,1,Tech-Z
223,20260106,3,6,26,Preventive,11,Bearing Wear,124.83834857194284,1,Tech-Z
224,20260119,1,2,6,Preventive,15,Software Glitch,156.3190572545018,1,Tech-Y
225,20260120,4,8,37,Preventive,21,Calibration Error,302.6385690178056,1,Tech-Z
226,20260121,2,3,15,Corrective,37,Bearing Wear,455.80618607438265,0,Tech-Z
227,20260123,3,5,22,Preventive,9,Calibration Error,118.61047956487744,1,Tech-X
228,20260124,3,5,25,Preventive,22,Software Glitch,288.90359799116163,1,Tech-X
229,20260126,1,2,6,Preventive,39,Software Glitch,247.65759904145796,1,Tech-Z
230,20260127,3,5,25,Preventive,21,Calibration Error,136.5761503992914,1,Tech-Y
231,20260207,2,3,13,Preventive,22,Calibration Error,227.9382849031001,1,Tech-Y
232,20260209,4,7,33,Corrective,40,Bearing Wear,348.1367631568543,0,Tech-Z
233,20260210,4,7,32,Preventive,25,Software Glitch,146.45411766760836,1,Tech-Z
234,20260211,3,5,24,Preventive,26,Bearing Wear,140.5418613061194,1,Tech-Y
235,20260214,1,1,2,Corrective,32,Bearing Wear,385.5196263245483,n,Tech-Y
236,20260215,4,8,40,Corrective,25,Calibration Error,146.67969313589307,0,Tech-X
237,20260216,4,8,36,Corrective,39,Calibration Error,565.1056375768816,0,Tech-Z
238,20260218,3,6,28,Preventive,14,Software Glitch,174.2986073663452,Y,Tech-Z
239,20260220,1,2,10,Preventive,10,Sensor Drift,117.16962847722998,1,Tech-Y
240,20260223,2,3,12,Preventive,15,Software Glitch,207.43811583797415,1,Tech-Y
241,20260301,3,6,29,Preventive,43,Calibration Error,325.6534996598579,1,Tech-Y
242,20260302,4,8,39,Corrective,17,Sensor Drift,167.13230302025224,0,Tech-X
243,20260305,4,8,39,Preventive,24,Software Glitch,238.73649777652082,1,Tech-Y
244,20260308,1,2,6,Corrective,21,Sensor Drift,253.32942331602428,false,Tech-Y
245,20260311,4,8,37,Corrective,38,Sensor Drift,331.93471468525064,0,Tech-Z
246,20260322,3,5,25,Corrective,22,Software Glitch,130.8425730177785,0,Tech-X
247,20260402,2,3,13,Corrective,20,Calibration Error,166.11936121320974,0,Tech-Z
248,20260403,1,2,10,Corrective,29,Sensor Drift,379.0441704605394,0,Tech-X
249,20260407,3,6,27,Corrective,17,Bearing Wear,133.07962214771388,0,Tech-Y
250,20260415,2,3,13,Preventive,16,Software Glitch,239.6557631294306,1,Tech-X
251,20260416,4,8,40,Corrective,39,Calibration Error,409.46039392993316,0,Tech-Z
252,20260418,4,8,36,Preventive,19,Bearing Wear,150.65610333978518,1,Tech-Y
253,20260420,2,3,11,Emergency,68,Software Glitch,901.8611706857138,n,Tech-Z
254,20260423,2,3,13,Preventive,21,Software Glitch,136.5268700485086,1,Tech-Z
255,20260426,3,5,22,Corrective,22,Software Glitch,224.06529236653924,0,Tech-Y
256,20260429,3,5,22,Corrective,36,Software Glitch,351.3700540310652,0,Tech-X
257,20260504,1,1,1,Corrective,25,Calibration Error,274.0279933858658,0,Tech-Z
258,20260520,4,8,36,Preventive,17,Bearing Wear,102.29949408248254,1,Tech-X
259,20260521,1,1,1,Corrective,21,Software Glitch,281.38580876731413,0,Tech-Y
260,20260527,2,3,14,Preventive,19,Calibration Error,112.93587128936639,1,Tech-Z
261,20260530,3,5,24,Preventive,11,Software Glitch,108.35424700697791,y,Tech-Z
262,20260603,1,1,4,Corrective,21,Sensor Drift,221.88499469024964,FALSE,Tech-Y
263,20260604,1,1,4,Preventive,17,Sensor Drift,167.4974800811799,TRUE,Tech-Y
264,20260608,1,2,6,Preventive,20,Bearing Wear,254.69870937576138,1,Tech-Y
265,20260609,2,4,19,Preventive,13,Bearing Wear,78.87474120684399,1,Tech-Y
266,20260610,1,2,7,Corrective,36,Bearing Wear,293.5148742427436,0,Tech-Y
267,20260617,2,4,20,Corrective,23,Sensor Drift,253.6212472819234,0,Tech-X
268,20260619,4,7,31,Corrective,16,Bearing Wear,104.27080594855218,0,Tech-Z
269,20260626,4,8,40,Corrective,19,Sensor Drift,254.20881689109257,0,Tech-Y
270,20260630,4,7,31,Preventive,25,Calibration Error,324.09988178256833,1,Tech-X
